Cost,34020,42929
36587,,
36463,,
36613,,
36684,,
36509,,
36468,,
36280,,
36366,,
36494,,
36493,,
36609,,
36643,,
36672,,
36586,,
36798,,
36615,,
36594,,
36424,,
36444,,
36399,,
36459,,
36476,,
36498,,
36497,,
36599,,
36518,,
36613,,
36460,,
36448,,
36329,,
36430,,
36619,,
36642,,
36612,,
36530,,
36562,,
36617,,
36617,,
36329,,
36699,,
36402,,
36512,,
36370,,
36498,,
36413,,
36576,,
36549,,
36551,,
36567,,
36382,,
36464,,
36687,,
36469,,
36466,,
36581,,
36893,,
36436,,
36717,,
36440,,
36482,,
36481,,
36750,,
36439,,
36599,,
36660,,
36366,,
36595,,
36397,,
36496,,
36319,,
36415,,
36483,,
36496,,
36431,,
36476,,
36557,,
36623,,
36436,,
36499,,
36682,,
36410,,
36656,,
36526,,
36550,,
36645,,
36658,,
36336,,
36359,,
36771,,
36449,,
36415,,
36462,,
36564,,
36520,,
36619,,
36491,,
36588,,
36383,,
36572,,
36355,,
36677,,
36515,,
36614,,
36450,,
36574,,
36495,,
36407,,
36493,,
36600,,
36573,,
36544,,
36468,,
36581,,
36672,,
36545,,
36419,,
36404,,
36742,,
36534,,
36659,,
36665,,
36616,,
36714,,
36602,,
36485,,
36593,,
36596,,
36473,,
36555,,
36633,,
36542,,
36720,,
36461,,
36619,,
36543,,
36519,,
36513,,
36398,,
36618,,
36521,,
36467,,
36276,,
36506,,
36568,,
36554,,
36531,,
36472,,
36275,,
36537,,
36543,,
36647,,
36606,,
36540,,
36586,,
36441,,
36509,,
36710,,
36642,,
36583,,
36393,,
36312,,
36562,,
36691,,
36543,,
36423,,
36546,,
36655,,
36434,,
36549,,
36660,,
36481,,
36603,,
36699,,
36575,,
36519,,
36597,,
36733,,
36674,,
36442,,
36309,,
36485,,
36712,,
36503,,
36698,,
36390,,
36619,,
36518,,
36374,,
36682,,
36341,,
36584,,
36793,,
36481,,
36655,,
36443,,
36649,,
36668,,
36579,,
36695,,
36501,,
36521,,
36616,,
36367,,
36646,,
36535,,
36494,,
36455,,
36452,,
36532,,
36308,,
36629,,
36584,,
36480,,
36564,,
36556,,
36517,,
36782,,
36663,,
36766,,
36689,,
36475,,
36274,,
36562,,
36460,,
36559,,
36548,,
36515,,
36642,,
36622,,
36589,,
36460,,
36407,,
36448,,
36502,,
36468,,
36756,,
36549,,
36350,,
36587,,
36587,,
36624,,
36533,,
36646,,
36528,,
36683,,
36737,,
36541,,
36452,,
36348,,
36592,,
36509,,
36589,,
36634,,
36664,,
36407,,
36735,,
36599,,
36494,,
36623,,
36469,,
36480,,
36420,,
36640,,
36472,,
36387,,
36524,,
36440,,
36550,,
36514,,
36532,,
36563,,
36736,,
36544,,
36477,,
36561,,
36563,,
36586,,
36601,,
36463,,
36425,,
36625,,
36422,,
36465,,
36298,,
36593,,
36584,,
36405,,
36643,,
36479,,
36529,,
36482,,
36526,,
36431,,
36574,,
36681,,
36675,,
36680,,
36491,,
36513,,
36546,,
36523,,
36630,,
36642,,
36627,,
36734,,
36552,,
36659,,
36428,,
36464,,
36678,,
36455,,
36518,,
36663,,
36593,,
36481,,
36587,,
36655,,
36551,,
36533,,
36590,,
36332,,
36588,,
36475,,
36377,,
36400,,
36519,,
36636,,
36541,,
36538,,
36614,,
36540,,
36533,,
36373,,
36331,,
36581,,
36428,,
36741,,
36342,,
36439,,
36687,,
36488,,
36639,,
36573,,
36514,,
36599,,
36534,,
36419,,
36469,,
36403,,
36519,,
36732,,
36461,,
36391,,
36526,,
36729,,
36393,,
36490,,
36595,,
36557,,
36554,,
36598,,
36713,,
36362,,
36429,,
36466,,
36435,,
36430,,
36434,,
36630,,
36465,,
36296,,
36446,,
36541,,
36421,,
36389,,
36693,,
36616,,
36515,,
36732,,
36590,,
36607,,
36733,,
36489,,
36402,,
36367,,
36539,,
36496,,
36517,,
36521,,
36563,,
36456,,
36324,,
36576,,
36615,,
36535,,
36475,,
36421,,
36471,,
36316,,
36662,,
36421,,
36550,,
36403,,
36448,,
36412,,
36628,,
36623,,
36607,,
36603,,
36647,,
36517,,
36464,,
36413,,
36645,,
36470,,
36645,,
36520,,
36601,,
36593,,
36421,,
36408,,
36725,,
36542,,
36561,,
36518,,
36474,,
36371,,
36353,,
36762,,
36578,,
36414,,
36822,,
36414,,
36469,,
36517,,
36410,,
36512,,
36575,,
36436,,
36568,,
36314,,
36639,,
36613,,
36524,,
36506,,
36595,,
36537,,
36592,,
36602,,
36536,,
36470,,
36519,,
36539,,
36693,,
36602,,
36539,,
36483,,
36687,,
36485,,
36482,,
36409,,
36436,,
36519,,
36511,,
36313,,
36574,,
36375,,
36486,,
36634,,
36494,,
36485,,
36553,,
36601,,
36513,,
36371,,
36532,,
36421,,
36500,,
36620,,
36388,,
36397,,
36558,,
36555,,
36514,,
36538,,
36595,,
36453,,
36487,,
36498,,
36567,,
36342,,
36481,,
36490,,
36586,,
36647,,
36581,,
36550,,
36414,,
36605,,
36663,,
36605,,
36584,,
36461,,
36396,,
36414,,
36529,,
36457,,
36610,,
36424,,
36564,,
36514,,
36685,,
36529,,
36485,,
36294,,
36445,,
36401,,
36369,,
36639,,
36577,,
36573,,
36354,,
36699,,
36499,,
36695,,
36333,,
36508,,
36617,,
36417,,
36471,,
36586,,
36503,,
36419,,
36607,,
36440,,
36420,,
36563,,
36496,,
36639,,
36472,,
36457,,
36739,,
36519,,
36590,,
36642,,
36478,,
36739,,
36533,,
36475,,
36282,,
36575,,
36443,,
36724,,
36602,,
36402,,
36459,,
36574,,
36620,,
36753,,
36714,,
36442,,
36560,,
36533,,
36748,,
36601,,
36488,,
36625,,
36526,,
36640,,
36516,,
36422,,
36482,,
36599,,
36554,,
36654,,
36505,,
36491,,
36497,,
36596,,
36549,,
36537,,
36750,,
36528,,
36508,,
36499,,
36779,,
36584,,
36591,,
36502,,
36288,,
36367,,
36419,,
36643,,
36509,,
36780,,
36279,,
36502,,
36401,,
36457,,
36465,,
36322,,
36427,,
36513,,
36308,,
36578,,
36460,,
36673,,
36447,,
36712,,
36616,,
36635,,
36655,,
36604,,
36599,,
36483,,
36652,,
36508,,
36494,,
36619,,
36636,,
36535,,
36470,,
36341,,
36632,,
36622,,
36436,,
36515,,
36400,,
36492,,
36349,,
36368,,
36580,,
36584,,
36432,,
36448,,
36595,,
36517,,
36602,,
36435,,
36444,,
36381,,
36551,,
36759,,
36407,,
36595,,
36596,,
36584,,
36641,,
36319,,
36464,,
36609,,
36546,,
36528,,
36618,,
36616,,
36471,,
36564,,
36618,,
36497,,
36491,,
36345,,
36624,,
36446,,
36439,,
36515,,
36563,,
36478,,
36625,,
36666,,
36642,,
36568,,
36574,,
36601,,
36575,,
36607,,
36666,,
36400,,
36554,,
36704,,
36445,,
36382,,
36418,,
36483,,
36433,,
36530,,
36374,,
36517,,
36587,,
36454,,
36411,,
36499,,
36369,,
36519,,
36434,,
36553,,
36470,,
36177,,
36525,,
36515,,
36615,,
36652,,
36577,,
36517,,
36433,,
36475,,
36215,,
36702,,
36505,,
36666,,
36549,,
36607,,
36686,,
36507,,
36732,,
36576,,
36488,,
36617,,
36345,,
36546,,
36398,,
36352,,
36470,,
36559,,
36391,,
36642,,
36413,,
36282,,
36565,,
36456,,
36583,,
36618,,
36311,,
36547,,
36627,,
36415,,
36494,,
36574,,
36479,,
36744,,
36307,,
36476,,
36535,,
36654,,
36350,,
36483,,
36467,,
36531,,
36604,,
36555,,
36404,,
36562,,
36521,,
36571,,
36512,,
36520,,
36682,,
36437,,
36479,,
36548,,
36426,,
36539,,
36570,,
36434,,
36408,,
36461,,
36493,,
36525,,
36608,,
36820,,
36544,,
36358,,
36628,,
36361,,
36610,,
36540,,
36775,,
36534,,
36541,,
36444,,
36439,,
36599,,
36454,,
36700,,
36476,,
36591,,
36515,,
36641,,
36379,,
36398,,
36718,,
36636,,
36552,,
36602,,
36540,,
36654,,
36481,,
36517,,
36612,,
36576,,
36290,,
36648,,
36489,,
36226,,
36655,,
36529,,
36548,,
36550,,
36781,,
36491,,
36478,,
36536,,
36510,,
36523,,
36653,,
36501,,
36335,,
36487,,
36453,,
36441,,
36576,,
36596,,
36510,,
36470,,
36526,,
36459,,
36436,,
36550,,
36437,,
36558,,
36484,,
36499,,
36531,,
36526,,
36491,,
36630,,
36286,,
36540,,
36356,,
36563,,
36413,,
36686,,
36553,,
36453,,
36441,,
36653,,
36578,,
36544,,
36520,,
36716,,
36649,,
36306,,
36515,,
36450,,
36556,,
36513,,
36649,,
36397,,
36570,,
36444,,
36612,,
36319,,
36621,,
36366,,
36567,,
36423,,
36545,,
36452,,
36515,,
36695,,
36492,,
36496,,
36543,,
36661,,
36308,,
36470,,
36610,,
36381,,
36323,,
36417,,
36630,,
36391,,
36509,,
36302,,
36568,,
36485,,
36558,,
36317,,
36499,,
36574,,
36457,,
36489,,
36516,,
36540,,
36544,,
36463,,
36497,,
36482,,
36489,,
36598,,
36526,,
36377,,
36526,,
36555,,
36588,,
36565,,
36794,,
36474,,
36529,,
36413,,
36497,,
36486,,
36463,,
36402,,
36443,,
36585,,
36622,,
36531,,
36433,,
36645,,
36529,,
36576,,
36635,,
36433,,
36474,,
36658,,
36487,,
36408,,
36480,,
36733,,
36507,,
36716,,
36440,,
36572,,
36553,,
36454,,
36605,,
36378,,
36559,,
36665,,
36558,,
36519,,
36705,,
36571,,
36336,,
36596,,
36627,,
36365,,
36334,,
36520,,
36482,,
36716,,
36570,,
36504,,
36264,,
36434,,
36605,,
36694,,
36421,,
36376,,
36465,,
36566,,
36476,,
36853,,
36691,,
36454,,
36644,,
36611,,
36438,,
36555,,
36573,,
36490,,
36487,,
36394,,
36563,,
36567,,
36498,,
36530,,
36297,,
36277,,
36446,,
36367,,
36370,,
36494,,
36660,,
36462,,
36478,,
36363,,
36510,,
36526,,
36562,,
36564,,
36730,,
36444,,
36501,,
36466,,
36740,,
36714,,
36803,,
36424,,
36663,,
36623,,
36476,,
36352,,
36609,,
36510,,
36720,,
36514,,
36539,,
36459,,
36495,,
36539,,
36321,,
36510,,
36647,,
36516,,
36406,,
36496,,
36673,,
36675,,
36547,,
36543,,
36392,,
36587,,
36408,,
36551,,
36367,,
36684,,
36512,,
36608,,
36584,,
36506,,
36576,,
36444,,
36600,,
36809,,
36835,,
36615,,
36689,,
36592,,
36436,,
36343,,
36575,,
36611,,
36359,,
36329,,
36535,,
36432,,
36482,,
36662,,
36615,,
36555,,
36728,,
36295,,
36507,,
36547,,
36572,,
36426,,
36318,,
36551,,
36604,,
36740,,
36483,,
36494,,
36586,,
36334,,
36830,,
36466,,
36485,,
36697,,
36584,,
36602,,
36592,,
36534,,
36535,,
36445,,
36629,,
36629,,
36538,,
36397,,
36620,,
36478,,
36513,,
36517,,
36428,,
36419,,
36478,,
36533,,
36523,,
36390,,
36636,,
36508,,
36497,,
36550,,
36669,,
36546,,
36460,,
36681,,
36615,,
36401,,
36364,,
36422,,
36540,,
36520,,
36462,,
36620,,
36348,,
36479,,
36510,,
36390,,
36231,,
36506,,
36533,,
36537,,
36552,,
36351,,
36600,,
36293,,
36625,,
36644,,
36268,,
36397,,
36472,,
36562,,
36506,,
36506,,
36436,,
36695,,
36417,,
36445,,
36493,,
36478,,
36393,,
36345,,
36533,,
36485,,
36532,,
36353,,
36534,,
36484,,
36523,,
36511,,
36563,,
36268,,
36464,,
36701,,
36445,,
36702,,
36367,,
36583,,
36341,,
36645,,
36401,,
36432,,
36363,,
36376,,
36558,,
36480,,
36536,,
36707,,
36406,,
36514,,
36571,,
36477,,
36540,,
36555,,
36586,,
36591,,
36335,,
36433,,
36649,,
36512,,
36419,,
36217,,
36603,,
36575,,
36675,,
36690,,
36555,,
36494,,
36502,,
36638,,
36432,,
36540,,
36463,,
36758,,
36622,,
36682,,
36577,,
36665,,
36482,,
36561,,
36489,,
36529,,
36458,,
36674,,
36561,,
36480,,
36379,,
36387,,
36519,,
36622,,
36709,,
36503,,
36477,,
36496,,
36794,,
36503,,
36608,,
36565,,
36579,,
36467,,
36513,,
36574,,
36693,,
36816,,
36697,,
36555,,
36480,,
36465,,
36363,,
36478,,
36472,,
36495,,
36501,,
36364,,
36432,,
36528,,
36563,,
36372,,
36468,,
36572,,
36160,,
36664,,
36580,,
36486,,
36450,,
36592,,
36715,,
36682,,
36300,,
36604,,
36402,,
36449,,
36647,,
36768,,
36401,,
36582,,
36443,,
36465,,
36444,,
36552,,
36584,,
36687,,
36590,,
36496,,
36498,,
36619,,
36374,,
36766,,
36595,,
36593,,
36433,,
36428,,
36541,,
36490,,
36527,,
36465,,
36645,,
36617,,
36488,,
36442,,
36707,,
36535,,
36585,,
36497,,
36779,,
36619,,
36651,,
36674,,
36503,,
36527,,
36375,,
36474,,
36449,,
36596,,
36606,,
36503,,
36598,,
36428,,
36611,,
36648,,
36488,,
36548,,
36790,,
36468,,
36461,,
36421,,
36537,,
36457,,
36649,,
36469,,
36392,,
36607,,
36556,,
36556,,
36543,,
36387,,
36460,,
36693,,
36606,,
36443,,
36434,,
36548,,
36465,,
36404,,
36761,,
36431,,
36488,,
36532,,
36502,,
36454,,
36652,,
36534,,
36547,,
36318,,
36570,,
36594,,
36579,,
36589,,
36583,,
36591,,
36731,,
36422,,
36711,,
36519,,
36538,,
36556,,
36373,,
36626,,
36416,,
36423,,
36639,,
36535,,
36479,,
36405,,
36579,,
36548,,
36551,,
36496,,
36350,,
36360,,
36623,,
36439,,
36465,,
36644,,
36476,,
36437,,
36412,,
36462,,
36485,,
36597,,
36552,,
36589,,
36506,,
36517,,
36373,,
36552,,
36528,,
36426,,
36470,,
36472,,
36533,,
36465,,
36516,,
36557,,
36489,,
36517,,
36582,,
36558,,
36461,,
36464,,
36416,,
36711,,
36430,,
36632,,
36453,,
36453,,
36623,,
36547,,
36470,,
36539,,
36789,,
36395,,
36416,,
36397,,
36503,,
36402,,
36538,,
36537,,
36609,,
36563,,
36646,,
36552,,
36416,,
36467,,
36465,,
36412,,
36621,,
36503,,
36388,,
36341,,
36507,,
36443,,
36530,,
36618,,
36626,,
36666,,
36511,,
36715,,
36663,,
36538,,
36200,,
36511,,
36629,,
36538,,
36699,,
36406,,
36443,,
36660,,
36761,,
36606,,
36510,,
36699,,
36422,,
36476,,
36532,,
36423,,
36507,,
36504,,
36474,,
36601,,
36209,,
36631,,
36440,,
36702,,
36711,,
36379,,
36714,,
36652,,
36416,,
36718,,
36483,,
36604,,
36363,,
36559,,
36445,,
36591,,
36592,,
36437,,
36667,,
36632,,
36493,,
36709,,
36486,,
36514,,
36370,,
36481,,
36589,,
36542,,
36557,,
36395,,
36679,,
36514,,
36680,,
36463,,
36665,,
36556,,
36365,,
36562,,
36501,,
36382,,
36495,,
36647,,
36433,,
36466,,
36634,,
36376,,
36577,,
36685,,
36553,,
36611,,
36491,,
36400,,
36575,,
36597,,
36677,,
36478,,
36492,,
36562,,
36433,,
36474,,
36665,,
36648,,
36526,,
36554,,
36663,,
36566,,
36476,,
36430,,
36493,,
36337,,
36373,,
36526,,
36534,,
36469,,
36306,,
36511,,
36491,,
36697,,
36610,,
36567,,
36560,,
36481,,
36602,,
36585,,
36425,,
36673,,
36486,,
36356,,
36622,,
36655,,
36482,,
36512,,
36429,,
36614,,
36517,,
36599,,
36472,,
36542,,
36479,,
36392,,
36605,,
36570,,
36538,,
36484,,
36556,,
36420,,
36287,,
36504,,
36463,,
36613,,
36334,,
36499,,
36448,,
36628,,
36475,,
36580,,
36494,,
36557,,
36550,,
36423,,
36524,,
36421,,
36386,,
36573,,
36542,,
36537,,
36686,,
36498,,
36481,,
36264,,
36460,,
36538,,
36529,,
36499,,
36380,,
36475,,
36423,,
36436,,
36501,,
36474,,
36615,,
36529,,
36453,,
36526,,
36677,,
36302,,
36496,,
36557,,
36503,,
36454,,
36623,,
36535,,
36554,,
36536,,
36569,,
36520,,
36531,,
36464,,
36479,,
36602,,
36436,,
36521,,
36393,,
36753,,
36624,,
36535,,
36564,,
36499,,
36486,,
36429,,
36432,,
36508,,
36550,,
36401,,
36572,,
36368,,
36627,,
36620,,
36551,,
36571,,
36354,,
36771,,
36405,,
36547,,
36281,,
36629,,
36557,,
36558,,
36624,,
36592,,
36442,,
36631,,
36370,,
36548,,
36449,,
36607,,
36597,,
36628,,
36640,,
36367,,
36369,,
36409,,
36483,,
36575,,
36701,,
36600,,
36529,,
36400,,
36372,,
36554,,
36543,,
36408,,
36201,,
36420,,
36536,,
36593,,
36641,,
36372,,
36365,,
36648,,
36226,,
36539,,
36505,,
36464,,
36441,,
36642,,
36490,,
36474,,
36548,,
36428,,
36655,,
36532,,
36445,,
36669,,
36450,,
36464,,
36509,,
36589,,
36368,,
36327,,
36445,,
36445,,
36514,,
36355,,
36534,,
36507,,
36469,,
36454,,
36517,,
36418,,
36605,,
36660,,
36512,,
36484,,
36511,,
36403,,
36453,,
36407,,
36494,,
36489,,
36548,,
36600,,
36665,,
36417,,
36445,,
36509,,
36438,,
36622,,
36546,,
36498,,
36338,,
36658,,
36469,,
36584,,
36531,,
36622,,
36411,,
36553,,
36623,,
36541,,
36378,,
36565,,
36551,,
36414,,
36670,,
36386,,
36402,,
36493,,
36465,,
36581,,
36623,,
36541,,
36551,,
36450,,
36564,,
36333,,
36587,,
36699,,
36600,,
36529,,
36606,,
36439,,
36563,,
36477,,
36372,,
36499,,
36500,,
36419,,
36586,,
36511,,
36292,,
36477,,
36505,,
36476,,
36495,,
36400,,
36483,,
36352,,
36523,,
36667,,
36687,,
36562,,
36565,,
36505,,
36467,,
36564,,
36494,,
36393,,
36448,,
36705,,
36360,,
36438,,
36502,,
36423,,
36308,,
36541,,
36621,,
36527,,
36442,,
36510,,
36496,,
36511,,
36596,,
36401,,
36701,,
36551,,
36625,,
36403,,
36367,,
36513,,
36549,,
36508,,
36507,,
36400,,
36403,,
36603,,
36403,,
36703,,
36518,,
36520,,
36617,,
36616,,
36465,,
36426,,
36630,,
36384,,
36511,,
36620,,
36686,,
36556,,
36585,,
36589,,
36501,,
36566,,
36548,,
36502,,
36598,,
36637,,
36266,,
36321,,
36394,,
36594,,
36543,,
36522,,
36529,,
36348,,
36686,,
36711,,
36490,,
36655,,
36469,,
36256,,
36633,,
36557,,
36535,,
36634,,
36804,,
36558,,
36471,,
36409,,
36514,,
36650,,
36561,,
36650,,
36712,,
36672,,
36276,,
36495,,
36674,,
36397,,
36413,,
36504,,
36719,,
36467,,
36721,,
36586,,
36567,,
36534,,
36413,,
36619,,
36661,,
36657,,
36456,,
36498,,
36764,,
36511,,
36601,,
36502,,
36595,,
36553,,
36476,,
36390,,
36586,,
36549,,
36754,,
36580,,
36245,,
36476,,
36804,,
36507,,
36437,,
36378,,
36519,,
36465,,
36756,,
36608,,
36758,,
36605,,
36595,,
36497,,
36457,,
36645,,
36459,,
36419,,
36642,,
36656,,
36576,,
36380,,
36323,,
36536,,
36692,,
36346,,
36638,,
36413,,
36546,,
36502,,
36780,,
36611,,
36559,,
36623,,
36540,,
36630,,
36599,,
36589,,
36512,,
36538,,
36493,,
36463,,
36496,,
36395,,
36537,,
36640,,
36588,,
36432,,
36563,,
36714,,
36477,,
36633,,
36415,,
36418,,
36571,,
36512,,
36487,,
36519,,
36311,,
36631,,
36499,,
36545,,
36651,,
36607,,
36498,,
36600,,
36519,,
36260,,
36524,,
36620,,
36726,,
36497,,
36532,,
36462,,
36685,,
36684,,
36681,,
36537,,
36446,,
36351,,
36569,,
36803,,
36425,,
36503,,
36749,,
36583,,
36398,,
36492,,
36677,,
36498,,
36489,,
36477,,
36608,,
36454,,
36705,,
36651,,
36360,,
36396,,
36503,,
36441,,
36546,,
36572,,
36407,,
36566,,
36447,,
36487,,
36617,,
36703,,
36594,,
36653,,
36498,,
36483,,
36416,,
36627,,
36411,,
36409,,
36572,,
36421,,
36397,,
36572,,
36591,,
36530,,
36468,,
36603,,
36563,,
36645,,
36426,,
36351,,
36456,,
36551,,
36569,,
36440,,
36621,,
36428,,
36614,,
36759,,
36567,,
36565,,
36550,,
36815,,
36354,,
36277,,
36497,,
36481,,
36264,,
36480,,
36444,,
36606,,
36555,,
36549,,
36548,,
36323,,
36459,,
36495,,
36588,,
36667,,
36536,,
36440,,
36295,,
36379,,
36542,,
36550,,
36633,,
36503,,
36382,,
36584,,
36436,,
36727,,
36564,,
36619,,
36362,,
36623,,
36347,,
36493,,
36388,,
36443,,
36631,,
36351,,
36601,,
36421,,
36638,,
36470,,
36600,,
36540,,
36425,,
36418,,
36290,,
36546,,
36437,,
36660,,
36372,,
36485,,
36438,,
36597,,
36513,,
36496,,
36414,,
36683,,
36779,,
36581,,
36553,,
36720,,
36525,,
36471,,
36614,,
36463,,
36583,,
36427,,
36547,,
36454,,
36642,,
36296,,
36509,,
36837,,
36531,,
36604,,
36576,,
36731,,
36460,,
36291,,
36551,,
36556,,
36367,,
36622,,
36446,,
36546,,
36442,,
36666,,
36596,,
36392,,
36621,,
36551,,
36600,,
36627,,
36772,,
36534,,
36754,,
36433,,
36381,,
36530,,
36510,,
36506,,
36743,,
36422,,
36505,,
36488,,
36477,,
36445,,
36690,,
36618,,
36567,,
36393,,
36475,,
36590,,
36497,,
36269,,
36612,,
36519,,
36713,,
36565,,
36449,,
36459,,
36551,,
36373,,
36488,,
36686,,
36592,,
36585,,
36270,,
36465,,
36646,,
36502,,
36473,,
36538,,
36544,,
36551,,
36559,,
36486,,
36476,,
36343,,
36475,,
36498,,
36510,,
36522,,
36490,,
36712,,
36638,,
36421,,
36656,,
36422,,
36509,,
36432,,
36406,,
36781,,
36360,,
36698,,
36818,,
36553,,
36499,,
36596,,
36537,,
36351,,
36601,,
36527,,
36291,,
36627,,
36328,,
36492,,
36646,,
36191,,
36648,,
36770,,
36550,,
36501,,
36543,,
36391,,
36430,,
36547,,
36445,,
36677,,
36603,,
36508,,
36462,,
36720,,
36657,,
36465,,
36479,,
36553,,
36451,,
36414,,
36576,,
36457,,
36604,,
36546,,
36655,,
36802,,
36551,,
36350,,
36667,,
36642,,
36619,,
36624,,
36686,,
36691,,
36457,,
36662,,
36703,,
36471,,
36504,,
36400,,
36411,,
36490,,
36398,,
36361,,
36487,,
36501,,
36393,,
36471,,
36275,,
36634,,
36438,,
36503,,
36550,,
36311,,
36627,,
36810,,
36490,,
36507,,
36554,,
36408,,
36487,,
36570,,
36452,,
36701,,
36484,,
36367,,
36414,,
36470,,
36492,,
36461,,
36709,,
36635,,
36736,,
36528,,
36625,,
36699,,
36561,,
36644,,
36469,,
36547,,
36701,,
36480,,
36545,,
36518,,
36645,,
36456,,
36485,,
36535,,
36578,,
36369,,
36751,,
36485,,
36340,,
36557,,
36458,,
36420,,
36432,,
36653,,
36512,,
36608,,
36565,,
36618,,
36416,,
36613,,
36577,,
36664,,
36389,,
36681,,
36548,,
36368,,
36462,,
36535,,
36507,,
36402,,
36480,,
36544,,
36778,,
36476,,
36641,,
36566,,
36648,,
36426,,
36527,,
36756,,
36691,,
36406,,
36442,,
36499,,
36677,,
36654,,
36395,,
36598,,
36429,,
36402,,
36467,,
36480,,
36495,,
36455,,
36575,,
36479,,
36397,,
36471,,
36668,,
36724,,
36554,,
36635,,
36687,,
36357,,
36381,,
36664,,
36603,,
36507,,
36541,,
36676,,
36592,,
36601,,
36622,,
36417,,
36573,,
36547,,
36429,,
36499,,
36666,,
36632,,
36430,,
36500,,
36588,,
36638,,
36343,,
36439,,
36560,,
36625,,
36571,,
36658,,
36368,,
36566,,
36553,,
36584,,
36590,,
36652,,
36713,,
36417,,
36307,,
36384,,
36357,,
36658,,
36623,,
36366,,
36479,,
36576,,
36601,,
36479,,
36603,,
36780,,
36398,,
36322,,
36469,,
36586,,
36618,,
36542,,
36607,,
36452,,
36546,,
36422,,
36428,,
36445,,
36453,,
36540,,
36492,,
36755,,
36697,,
36531,,
36396,,
36503,,
36530,,
36619,,
36560,,
36516,,
36652,,
36628,,
36458,,
36598,,
36416,,
36586,,
36445,,
36513,,
36587,,
36570,,
36731,,
36649,,
36798,,
36486,,
36658,,
36516,,
36460,,
36719,,
36625,,
36660,,
36515,,
36646,,
36486,,
36485,,
36518,,
36492,,
36564,,
36467,,
36357,,
36452,,
36410,,
36542,,
36727,,
36652,,
36500,,
36576,,
36663,,
36500,,
36378,,
36417,,
36664,,
36408,,
36377,,
36584,,
36369,,
36743,,
36429,,
36435,,
36427,,
36613,,
36586,,
36612,,
36635,,
36924,,
36552,,
36457,,
36493,,
36567,,
36565,,
36645,,
36476,,
36589,,
36653,,
36678,,
36592,,
36427,,
36578,,
36669,,
36578,,
36548,,
36629,,
36565,,
36601,,
36438,,
36572,,
36508,,
36538,,
36451,,
36485,,
36584,,
36557,,
36405,,
36468,,
36594,,
36642,,
36609,,
36586,,
36563,,
36433,,
36390,,
36637,,
36601,,
36625,,
36591,,
36427,,
36489,,
36517,,
36668,,
36327,,
36623,,
36257,,
36529,,
36682,,
36697,,
36437,,
36472,,
36384,,
36402,,
36590,,
36577,,
36520,,
36327,,
36470,,
36528,,
36485,,
36471,,
36433,,
36536,,
36732,,
36662,,
36466,,
36548,,
36508,,
36611,,
36497,,
36265,,
36698,,
36645,,
36342,,
36642,,
36737,,
36533,,
36504,,
36293,,
36530,,
36679,,
36643,,
36429,,
36401,,
36653,,
36446,,
36560,,
36618,,
36526,,
36552,,
36369,,
36567,,
36473,,
36425,,
36577,,
36487,,
36537,,
36455,,
36395,,
36537,,
36430,,
36629,,
36369,,
36438,,
36539,,
36626,,
36471,,
36642,,
36501,,
36638,,
36751,,
36562,,
36599,,
36495,,
36310,,
36529,,
36411,,
36579,,
36534,,
36361,,
36573,,
36511,,
36651,,
36525,,
36505,,
36597,,
36440,,
36416,,
36510,,
36627,,
36428,,
36744,,
36529,,
36367,,
36735,,
36533,,
36570,,
36560,,
36279,,
36432,,
36444,,
36619,,
36420,,
36751,,
36556,,
36676,,
36569,,
36423,,
36459,,
36696,,
36532,,
36433,,
36611,,
36690,,
36594,,
36447,,
36593,,
36566,,
36444,,
36593,,
36566,,
36581,,
36435,,
36506,,
36633,,
36721,,
36393,,
36592,,
36551,,
36733,,
36696,,
36522,,
36432,,
36569,,
36470,,
36497,,
36472,,
36456,,
36390,,
36482,,
36613,,
36405,,
36554,,
36677,,
36382,,
36580,,
36471,,
36193,,
36502,,
36508,,
36443,,
36576,,
36620,,
36566,,
36624,,
36595,,
36537,,
36602,,
36547,,
36571,,
36477,,
36576,,
36557,,
36526,,
36277,,
36550,,
36507,,
36462,,
36532,,
36542,,
36686,,
36542,,
36643,,
36399,,
36553,,
36607,,
36395,,
36725,,
36479,,
36750,,
36505,,
36533,,
36649,,
36424,,
36408,,
36708,,
36483,,
36501,,
36435,,
36671,,
36594,,
36673,,
36463,,
36395,,
36386,,
36679,,
36393,,
36649,,
36538,,
36658,,
36610,,
36569,,
36562,,
36474,,
36606,,
36522,,
36634,,
36538,,
36602,,
36473,,
36398,,
36608,,
36328,,
36585,,
36426,,
36633,,
36445,,
36658,,
36675,,
36604,,
36592,,
36470,,
36353,,
36608,,
36523,,
36632,,
36443,,
36461,,
36508,,
36543,,
36452,,
36571,,
36652,,
36635,,
36524,,
36553,,
36601,,
36476,,
36789,,
36429,,
36635,,
36372,,
36471,,
36424,,
36711,,
36466,,
36502,,
36586,,
36410,,
36280,,
36592,,
36688,,
36665,,
36440,,
36491,,
36530,,
36474,,
36507,,
36805,,
36639,,
36729,,
36518,,
36564,,
36611,,
36554,,
36775,,
36521,,
36591,,
36578,,
36618,,
36539,,
36628,,
36595,,
36681,,
36343,,
36617,,
36597,,
36599,,
36583,,
36512,,
36493,,
36563,,
36522,,
36456,,
36541,,
36302,,
36579,,
36472,,
36540,,
36552,,
36718,,
36748,,
36518,,
36515,,
36558,,
36714,,
36541,,
36431,,
36455,,
36589,,
36552,,
36590,,
36361,,
36537,,
36459,,
36614,,
36543,,
36551,,
36553,,
36591,,
36604,,
36578,,
36548,,
36411,,
36595,,
36481,,
36351,,
36716,,
36456,,
36599,,
36636,,
36543,,
36511,,
36600,,
36822,,
36576,,
36675,,
36551,,
36463,,
36611,,
36511,,
36570,,
36344,,
36843,,
36299,,
36523,,
36407,,
36623,,
36557,,
36423,,
36605,,
36579,,
36609,,
36444,,
36536,,
36503,,
36578,,
36407,,
36617,,
36569,,
36555,,
36397,,
36526,,
36517,,
36222,,
36542,,
36438,,
36577,,
36420,,
36597,,
36532,,
36496,,
36542,,
36530,,
36566,,
36389,,
36360,,
36525,,
36447,,
36531,,
36361,,
36549,,
36522,,
36634,,
36586,,
36444,,
36672,,
36489,,
36425,,
36494,,
36454,,
36622,,
36420,,
36310,,
36374,,
36447,,
36536,,
36308,,
36604,,
36481,,
36436,,
36589,,
36562,,
36535,,
36770,,
36542,,
36788,,
36424,,
36433,,
36259,,
36636,,
36346,,
36554,,
36426,,
36424,,
36444,,
36466,,
36534,,
36704,,
36514,,
36509,,
36606,,
36499,,
36522,,
36427,,
36612,,
36516,,
36396,,
36461,,
36580,,
36609,,
36451,,
36565,,
36629,,
36654,,
36438,,
36533,,
36511,,
36339,,
36399,,
36605,,
36553,,
36726,,
36526,,
36452,,
36620,,
36528,,
36419,,
36556,,
36464,,
36524,,
36414,,
36538,,
36541,,
36390,,
36641,,
36401,,
36648,,
36566,,
36572,,
36550,,
36711,,
36520,,
36461,,
36430,,
36523,,
36551,,
36445,,
36494,,
36712,,
36502,,
36614,,
36509,,
36509,,
36431,,
36615,,
36596,,
36701,,
36506,,
36733,,
36405,,
36445,,
36563,,
36481,,
36564,,
36546,,
36449,,
36507,,
36534,,
36393,,
36502,,
36484,,
36444,,
36501,,
36348,,
36646,,
36681,,
36598,,
36534,,
36439,,
36517,,
36443,,
36520,,
36576,,
36584,,
36530,,
36533,,
36669,,
36452,,
36562,,
36526,,
36463,,
36451,,
36592,,
36423,,
36753,,
36582,,
36719,,
36360,,
36625,,
36459,,
36588,,
36649,,
36560,,
36371,,
36671,,
36391,,
36539,,
36435,,
36556,,
36535,,
36413,,
36844,,
36358,,
36614,,
36413,,
36518,,
36463,,
36353,,
36714,,
36605,,
36276,,
36726,,
36702,,
36440,,
36554,,
36387,,
36393,,
36437,,
36446,,
36565,,
36426,,
36281,,
36614,,
36415,,
36358,,
36697,,
36620,,
36460,,
36730,,
36453,,
36557,,
36808,,
36580,,
36563,,
36652,,
36782,,
36569,,
36664,,
36373,,
36508,,
36677,,
36592,,
36573,,
36564,,
36626,,
36614,,
36634,,
36531,,
36737,,
36509,,
36550,,
36568,,
36385,,
36547,,
36675,,
36568,,
36457,,
36414,,
36534,,
36312,,
36429,,
36544,,
36709,,
36596,,
36440,,
36576,,
36637,,
36469,,
36319,,
36669,,
36760,,
36360,,
36400,,
36653,,
36589,,
36638,,
36578,,
36471,,
36461,,
36619,,
36560,,
36518,,
36590,,
36462,,
36428,,
36475,,
36537,,
36502,,
36509,,
36615,,
36447,,
36542,,
36860,,
36535,,
36587,,
36680,,
36529,,
36451,,
36426,,
36472,,
36512,,
36632,,
36498,,
36431,,
36596,,
36625,,
36638,,
36424,,
36645,,
36461,,
36351,,
36477,,
36494,,
36613,,
36579,,
36427,,
36626,,
36437,,
36588,,
36526,,
36459,,
36565,,
36774,,
36469,,
36432,,
36547,,
36366,,
36604,,
36553,,
36671,,
36639,,
36768,,
36285,,
36507,,
36620,,
36495,,
36449,,
36680,,
36705,,
36482,,
36489,,
36278,,
36482,,
36450,,
36503,,
36646,,
36290,,
36312,,
36476,,
36472,,
36629,,
36465,,
36436,,
36570,,
36528,,
36459,,
36436,,
36622,,
36614,,
36570,,
36391,,
36673,,
36573,,
36665,,
36446,,
36515,,
36512,,
36383,,
36751,,
36679,,
36611,,
36638,,
36537,,
36644,,
36611,,
36659,,
36640,,
36611,,
36513,,
36713,,
36496,,
36478,,
36637,,
36529,,
36464,,
36718,,
36546,,
36547,,
36658,,
36562,,
36742,,
36503,,
36562,,
36760,,
36513,,
36579,,
36572,,
36548,,
36424,,
36543,,
36430,,
36391,,
36535,,
36412,,
36597,,
36374,,
36521,,
36720,,
36545,,
36728,,
36755,,
36319,,
36660,,
36519,,
36476,,
36546,,
36501,,
36478,,
36558,,
36598,,
36304,,
36491,,
36522,,
36433,,
36379,,
36651,,
36629,,
36458,,
36386,,
36434,,
36734,,
36526,,
36464,,
36505,,
36542,,
36391,,
36397,,
36510,,
36407,,
36534,,
36558,,
36578,,
36554,,
36353,,
36569,,
36661,,
36314,,
36677,,
36562,,
36777,,
36749,,
36478,,
36398,,
36732,,
36658,,
36496,,
36575,,
36416,,
36435,,
36619,,
36569,,
36417,,
36632,,
36661,,
36541,,
36428,,
36579,,
36683,,
36393,,
36405,,
36561,,
36404,,
36613,,
36407,,
36527,,
36373,,
36612,,
36554,,
36519,,
36560,,
36493,,
36475,,
36572,,
36346,,
36551,,
36609,,
36612,,
36660,,
36659,,
36554,,
36635,,
36565,,
36408,,
36619,,
36572,,
36572,,
36369,,
36522,,
36320,,
36671,,
36558,,
36554,,
36422,,
36591,,
36234,,
36501,,
36579,,
36534,,
36600,,
36295,,
36502,,
36562,,
36457,,
36575,,
36633,,
36471,,
36499,,
36560,,
36493,,
36494,,
36449,,
36597,,
36509,,
36448,,
36528,,
36321,,
36539,,
36482,,
36562,,
36368,,
36491,,
36538,,
36584,,
36561,,
36607,,
36513,,
36576,,
36724,,
36650,,
36567,,
36466,,
36568,,
36474,,
36629,,
36666,,
36443,,
36413,,
36684,,
36697,,
36429,,
36569,,
36565,,
36405,,
36742,,
36514,,
36192,,
36570,,
36451,,
36632,,
36581,,
36657,,
36337,,
36532,,
36401,,
36731,,
36396,,
36528,,
36529,,
36801,,
36452,,
36644,,
36555,,
36549,,
36739,,
36483,,
36533,,
36580,,
36805,,
36609,,
36659,,
36341,,
36348,,
36468,,
36612,,
36678,,
36477,,
36605,,
36501,,
36677,,
36454,,
36532,,
36624,,
36562,,
36410,,
36545,,
36583,,
36455,,
36373,,
36596,,
36641,,
36652,,
36626,,
36423,,
36347,,
36413,,
36568,,
36443,,
36352,,
36348,,
36542,,
36511,,
36591,,
36465,,
36480,,
36596,,
36534,,
36456,,
36534,,
36487,,
36750,,
36713,,
36451,,
36618,,
36492,,
36480,,
36358,,
36294,,
36626,,
36452,,
36412,,
36505,,
36655,,
36420,,
36391,,
36547,,
36487,,
36481,,
36582,,
36395,,
36636,,
36534,,
36650,,
36424,,
36398,,
36337,,
36635,,
36341,,
36567,,
36732,,
36598,,
36492,,
36590,,
36531,,
36516,,
36562,,
36486,,
36476,,
36446,,
36646,,
36213,,
36333,,
36594,,
36472,,
36482,,
36439,,
36404,,
36500,,
36481,,
36469,,
36564,,
36301,,
36460,,
36488,,
36547,,
36478,,
36429,,
36543,,
36542,,
36513,,
36538,,
36597,,
36441,,
36389,,
36575,,
36624,,
36528,,
36454,,
36586,,
36534,,
36507,,
36610,,
36500,,
36581,,
36633,,
36562,,
36711,,
36413,,
36360,,
36613,,
36536,,
36495,,
36585,,
36425,,
36578,,
36381,,
36402,,
36502,,
36466,,
36554,,
36422,,
36630,,
36474,,
36402,,
36525,,
36526,,
36529,,
36351,,
36603,,
36412,,
36532,,
36679,,
36587,,
36505,,
36370,,
36689,,
36487,,
36588,,
36427,,
36703,,
36540,,
36395,,
36579,,
36626,,
36560,,
36570,,
36474,,
36509,,
36604,,
36563,,
36615,,
36440,,
36552,,
36401,,
36664,,
36498,,
36493,,
36343,,
36612,,
36290,,
36723,,
36622,,
36499,,
36458,,
36680,,
36451,,
36591,,
36445,,
36571,,
36361,,
36798,,
36597,,
36352,,
36351,,
36502,,
36420,,
36528,,
36422,,
36447,,
36416,,
36710,,
36364,,
36581,,
36596,,
36549,,
36601,,
36433,,
36451,,
36712,,
36517,,
36605,,
36500,,
36511,,
36562,,
36498,,
36623,,
36628,,
36505,,
36643,,
36500,,
36405,,
36494,,
36496,,
36401,,
36459,,
36478,,
36437,,
36497,,
36334,,
36446,,
36555,,
36452,,
36606,,
36659,,
36515,,
36668,,
36382,,
36567,,
36455,,
36808,,
36700,,
36397,,
36663,,
36386,,
36710,,
36452,,
36783,,
36529,,
36609,,
36382,,
36665,,
36432,,
36616,,
36492,,
36763,,
36661,,
36553,,
36477,,
36396,,
36515,,
36594,,
36525,,
36584,,
36538,,
36553,,
36588,,
36613,,
36593,,
36812,,
36551,,
36624,,
36562,,
36495,,
36504,,
36586,,
36434,,
36629,,
36514,,
36591,,
36496,,
36596,,
36446,,
36436,,
36484,,
36224,,
36362,,
36429,,
36498,,
36493,,
36452,,
36742,,
36633,,
36367,,
36473,,
36474,,
36606,,
36587,,
36541,,
36564,,
36448,,
36546,,
36689,,
36531,,
36492,,
36548,,
36421,,
36389,,
36395,,
36530,,
36653,,
36575,,
36454,,
36518,,
36605,,
36373,,
36435,,
36635,,
36532,,
36497,,
36424,,
36371,,
36486,,
36536,,
36340,,
36714,,
36724,,
36552,,
36498,,
36538,,
36508,,
36531,,
36566,,
36473,,
36550,,
36445,,
36704,,
36393,,
36667,,
36471,,
36623,,
36417,,
36383,,
36457,,
36528,,
36490,,
36454,,
36495,,
36506,,
36681,,
36470,,
36660,,
36426,,
36481,,
36374,,
36391,,
36553,,
36620,,
36563,,
36535,,
36441,,
36611,,
36409,,
36407,,
36452,,
36618,,
36613,,
36524,,
36594,,
36387,,
36448,,
36601,,
36484,,
36611,,
36408,,
36495,,
36601,,
36466,,
36585,,
36272,,
36500,,
36664,,
36424,,
36456,,
36431,,
36569,,
36536,,
36561,,
36693,,
36447,,
36501,,
36437,,
36300,,
36415,,
36504,,
36639,,
36644,,
36448,,
36598,,
36425,,
36493,,
36348,,
36685,,
36657,,
36561,,
36680,,
36442,,
36410,,
36613,,
36534,,
36349,,
36502,,
36563,,
36704,,
36454,,
36643,,
36550,,
36679,,
36568,,
36735,,
36420,,
36543,,
36379,,
36491,,
36552,,
36553,,
36564,,
36598,,
36407,,
36561,,
36421,,
36581,,
36712,,
36478,,
36620,,
36356,,
36482,,
36401,,
36554,,
36500,,
36528,,
36530,,
36666,,
36598,,
36684,,
36538,,
36485,,
36524,,
36535,,
36353,,
36794,,
36555,,
36405,,
36449,,
36352,,
36667,,
36543,,
36666,,
36715,,
36294,,
36360,,
36597,,
36575,,
36523,,
36494,,
36401,,
36411,,
36492,,
36563,,
36578,,
36375,,
36579,,
36709,,
36316,,
36873,,
36437,,
36556,,
36660,,
36428,,
36616,,
36459,,
36640,,
36397,,
36618,,
36351,,
36594,,
36534,,
36560,,
36591,,
36674,,
36485,,
36491,,
36445,,
36561,,
36557,,
36508,,
36416,,
36547,,
36419,,
36599,,
36366,,
36403,,
36544,,
36480,,
36525,,
36356,,
36559,,
36601,,
36631,,
36685,,
36445,,
36539,,
36641,,
36460,,
36464,,
36756,,
36473,,
36532,,
36426,,
36456,,
36311,,
36451,,
36372,,
36366,,
36419,,
36390,,
36602,,
36522,,
36596,,
36459,,
36701,,
36670,,
36576,,
36405,,
36647,,
36520,,
36537,,
36554,,
36431,,
36436,,
36444,,
36515,,
36529,,
36393,,
36457,,
36521,,
36349,,
36740,,
36737,,
36764,,
36499,,
36472,,
36715,,
36697,,
36472,,
36615,,
36635,,
36606,,
36687,,
36569,,
36623,,
36528,,
36718,,
36567,,
36569,,
36594,,
36353,,
36416,,
36536,,
36591,,
36374,,
36374,,
36512,,
36481,,
36565,,
36392,,
36646,,
36524,,
36555,,
36516,,
36668,,
36536,,
36552,,
36502,,
36471,,
36488,,
36503,,
36367,,
36357,,
36728,,
36572,,
36526,,
36727,,
36561,,
36638,,
36587,,
36689,,
36637,,
36513,,
36596,,
36535,,
36754,,
36405,,
36655,,
36564,,
36500,,
36492,,
36661,,
36592,,
36450,,
36437,,
36596,,
36718,,
36696,,
36587,,
36631,,
36608,,
36521,,
36543,,
36474,,
36562,,
36332,,
36477,,
36494,,
36441,,
36477,,
36536,,
36621,,
36605,,
36401,,
36474,,
36458,,
36378,,
36608,,
36515,,
36505,,
36487,,
36422,,
36613,,
36552,,
36610,,
36596,,
36525,,
36831,,
36524,,
36610,,
36550,,
36431,,
36538,,
36671,,
36512,,
36682,,
36513,,
36408,,
36529,,
36470,,
36424,,
36402,,
36544,,
36607,,
36726,,
36697,,
36633,,
36599,,
36505,,
36712,,
36583,,
36516,,
36609,,
36561,,
36428,,
36564,,
36494,,
36579,,
36541,,
36433,,
36316,,
36304,,
36511,,
36426,,
36503,,
36633,,
36511,,
36573,,
36511,,
36509,,
36553,,
36755,,
36569,,
36619,,
36435,,
36483,,
36405,,
36568,,
36913,,
36592,,
36669,,
36551,,
36533,,
36516,,
36387,,
36608,,
36532,,
36377,,
36559,,
36472,,
36577,,
36521,,
36596,,
36596,,
36808,,
36410,,
36574,,
36483,,
36597,,
36522,,
36557,,
36526,,
36619,,
36504,,
36579,,
36633,,
36511,,
36553,,
36611,,
36446,,
36534,,
36516,,
36508,,
36573,,
36590,,
36345,,
36493,,
36478,,
36571,,
36677,,
36531,,
36513,,
36452,,
36422,,
36480,,
36530,,
36477,,
36653,,
36633,,
36559,,
36520,,
36512,,
36598,,
36381,,
36771,,
36685,,
36537,,
36484,,
36599,,
36597,,
36500,,
36527,,
36452,,
36549,,
36411,,
36246,,
36476,,
36642,,
36648,,
36488,,
36422,,
36485,,
36315,,
36558,,
36757,,
36387,,
36476,,
36415,,
36507,,
36308,,
36580,,
36628,,
36570,,
36573,,
36429,,
36408,,
36274,,
36340,,
36616,,
36454,,
36641,,
36586,,
36395,,
36460,,
36613,,
36370,,
36597,,
36307,,
36463,,
36677,,
36488,,
36542,,
36535,,
36384,,
36646,,
36508,,
36592,,
36409,,
36579,,
36558,,
36608,,
36496,,
36498,,
36504,,
36395,,
36602,,
36608,,
36531,,
36491,,
36482,,
36719,,
36529,,
36587,,
36663,,
36660,,
36390,,
36588,,
36593,,
36521,,
36503,,
36699,,
36566,,
36583,,
36695,,
36409,,
36576,,
36440,,
36607,,
36608,,
36517,,
36412,,
36474,,
36310,,
36504,,
36402,,
36394,,
36478,,
36313,,
36506,,
36268,,
36646,,
36695,,
36575,,
36486,,
36406,,
36466,,
36587,,
36581,,
36588,,
36540,,
36563,,
36694,,
36641,,
36546,,
36505,,
36451,,
36583,,
36590,,
36729,,
36451,,
36602,,
36509,,
36473,,
36407,,
36469,,
36475,,
36466,,
36438,,
36293,,
36796,,
36436,,
36426,,
36721,,
36604,,
36473,,
36505,,
36541,,
36364,,
36615,,
36761,,
36451,,
36675,,
36633,,
36479,,
36473,,
36365,,
36621,,
36622,,
36605,,
36246,,
36561,,
36643,,
36573,,
36487,,
36544,,
36490,,
36564,,
36432,,
36445,,
36654,,
36259,,
36450,,
36586,,
36942,,
36373,,
36432,,
36459,,
36590,,
36506,,
36550,,
36462,,
36506,,
36549,,
36523,,
36452,,
36568,,
36533,,
36580,,
36518,,
36453,,
36558,,
36634,,
36611,,
36567,,
36458,,
36594,,
36478,,
36776,,
36605,,
36631,,
36657,,
36394,,
36578,,
36564,,
36492,,
36658,,
36563,,
36452,,
36495,,
36448,,
36654,,
36588,,
36396,,
36452,,
36364,,
36530,,
36589,,
36538,,
36476,,
36679,,
36456,,
36623,,
36628,,
36415,,
36635,,
36397,,
36722,,
36816,,
36448,,
36673,,
36734,,
36475,,
36426,,
36670,,
36628,,
36517,,
36301,,
36498,,
36661,,
36645,,
36427,,
36716,,
36533,,
36474,,
36661,,
36461,,
36531,,
36479,,
36524,,
36535,,
36770,,
36620,,
36521,,
36309,,
36663,,
36457,,
36430,,
36536,,
36507,,
36643,,
36636,,
36627,,
36525,,
36502,,
36505,,
36414,,
36577,,
36365,,
36364,,
36391,,
36516,,
36334,,
36406,,
36486,,
36594,,
36461,,
36385,,
36378,,
36492,,
36426,,
36587,,
36562,,
36525,,
36627,,
36528,,
36585,,
36509,,
36562,,
36596,,
36724,,
36537,,
36667,,
36532,,
36664,,
36531,,
36419,,
36486,,
36694,,
36466,,
36487,,
36468,,
36486,,
36638,,
36498,,
36520,,
36718,,
36485,,
36625,,
36575,,
36554,,
36356,,
36358,,
36604,,
36493,,
36678,,
36508,,
36400,,
36409,,
36661,,
36666,,
36385,,
36584,,
36552,,
36566,,
36588,,
36505,,
36711,,
36863,,
36571,,
36363,,
36555,,
36516,,
36478,,
36651,,
36290,,
36580,,
36637,,
36437,,
36771,,
36550,,
36496,,
36588,,
36450,,
36747,,
36563,,
36583,,
36483,,
36329,,
36669,,
36588,,
36627,,
36559,,
36557,,
36556,,
36531,,
36717,,
36489,,
36565,,
36315,,
36578,,
36422,,
36542,,
36670,,
36530,,
36452,,
36455,,
36529,,
36540,,
36457,,
36509,,
36356,,
36399,,
36491,,
36607,,
36418,,
36524,,
36419,,
36678,,
36398,,
36513,,
36495,,
36572,,
36525,,
36340,,
36594,,
36533,,
36509,,
36567,,
36615,,
36478,,
36613,,
36609,,
36546,,
36315,,
36554,,
36616,,
36552,,
36499,,
36430,,
36401,,
36586,,
36622,,
36687,,
36545,,
36440,,
36574,,
36562,,
36616,,
36735,,
36498,,
36430,,
36542,,
36503,,
36213,,
36617,,
36397,,
36425,,
36564,,
36676,,
36693,,
36594,,
36535,,
36421,,
36587,,
36597,,
36673,,
36542,,
36601,,
36672,,
36611,,
36442,,
36559,,
36498,,
36388,,
36563,,
36631,,
36612,,
36559,,
36497,,
36491,,
36464,,
36576,,
36380,,
36746,,
36587,,
36524,,
36515,,
36417,,
36480,,
36562,,
36706,,
36565,,
36560,,
36517,,
36260,,
36415,,
36371,,
36664,,
36650,,
36519,,
36233,,
36594,,
36729,,
36444,,
36485,,
36465,,
36475,,
36580,,
36503,,
36562,,
36561,,
36403,,
36412,,
36517,,
36440,,
36512,,
36526,,
36626,,
36470,,
36692,,
36514,,
36402,,
36381,,
36604,,
36378,,
36555,,
36564,,
36427,,
36626,,
36621,,
36512,,
36698,,
36585,,
36440,,
36356,,
36662,,
36566,,
36639,,
36471,,
36610,,
36509,,
36475,,
36430,,
36429,,
36674,,
36602,,
36423,,
36611,,
36681,,
36424,,
36708,,
36449,,
36517,,
36563,,
36642,,
36534,,
36626,,
36817,,
36393,,
36450,,
36655,,
36450,,
36463,,
36532,,
36497,,
36348,,
36417,,
36431,,
36247,,
36740,,
36409,,
36794,,
36414,,
36570,,
36723,,
36609,,
36450,,
36608,,
36439,,
36483,,
36525,,
36397,,
36436,,
36618,,
36714,,
36389,,
36518,,
36541,,
36459,,
36836,,
36586,,
36692,,
36435,,
36395,,
36598,,
36434,,
36672,,
36617,,
36434,,
36561,,
36558,,
36618,,
36671,,
36534,,
36791,,
36599,,
36470,,
36353,,
36568,,
36307,,
36343,,
36464,,
36397,,
36624,,
36514,,
36641,,
36700,,
36603,,
36445,,
36538,,
36439,,
36419,,
36372,,
36621,,
36546,,
36547,,
36466,,
36504,,
36678,,
36479,,
36455,,
36455,,
36467,,
36470,,
36679,,
36371,,
36507,,
36529,,
36722,,
36590,,
36590,,
36427,,
36536,,
36711,,
36331,,
36613,,
36698,,
36339,,
36530,,
36581,,
36580,,
36532,,
36423,,
36386,,
36538,,
36452,,
36529,,
36895,,
36597,,
36404,,
36598,,
36524,,
36459,,
36734,,
36536,,
36622,,
36462,,
36440,,
36561,,
36525,,
36569,,
36499,,
36545,,
36430,,
36480,,
36555,,
36444,,
36587,,
36547,,
36441,,
36580,,
36522,,
36517,,
36551,,
36496,,
36345,,
36408,,
36471,,
36534,,
36445,,
36423,,
36376,,
36595,,
36612,,
36569,,
36637,,
36287,,
36461,,
36495,,
36515,,
36620,,
36461,,
36649,,
36473,,
36522,,
36718,,
36580,,
36543,,
36461,,
36533,,
36300,,
36471,,
36526,,
36687,,
36621,,
36611,,
36557,,
36550,,
36654,,
36656,,
36529,,
36554,,
36699,,
36525,,
36416,,
36582,,
36804,,
36377,,
36608,,
36541,,
36538,,
36348,,
36642,,
36348,,
36468,,
36540,,
36465,,
36472,,
36350,,
36450,,
36621,,
36571,,
36653,,
36507,,
36643,,
36268,,
36472,,
36394,,
36588,,
36536,,
36731,,
36667,,
36583,,
36633,,
36686,,
36572,,
36540,,
36556,,
36407,,
36519,,
36497,,
36511,,
36535,,
36634,,
36501,,
36570,,
36533,,
36550,,
36672,,
36450,,
36575,,
36275,,
36576,,
36581,,
36527,,
36490,,
36487,,
36434,,
36551,,
36518,,
36457,,
36583,,
36569,,
36239,,
36659,,
36654,,
36613,,
36477,,
36505,,
36715,,
36541,,
36398,,
36667,,
36536,,
36489,,
36460,,
36563,,
36766,,
36515,,
36444,,
36591,,
36637,,
36535,,
36655,,
36431,,
36701,,
36821,,
36634,,
36819,,
36658,,
36635,,
36414,,
36733,,
36489,,
36437,,
36605,,
36634,,
36375,,
36285,,
36691,,
36673,,
36430,,
36494,,
36610,,
36561,,
36604,,
36512,,
36638,,
36610,,
36586,,
36501,,
36563,,
36602,,
36459,,
36588,,
36498,,
36666,,
36603,,
36665,,
36529,,
36585,,
36640,,
36524,,
36790,,
36501,,
36473,,
36627,,
36607,,
36644,,
36472,,
36627,,
36593,,
36491,,
36564,,
36548,,
36481,,
36517,,
36582,,
36658,,
36503,,
36468,,
36470,,
36602,,
36599,,
36465,,
36417,,
36600,,
36642,,
36421,,
36557,,
36674,,
36554,,
36474,,
36468,,
36517,,
36329,,
36613,,
36600,,
36562,,
36414,,
36565,,
36483,,
36527,,
36521,,
36537,,
36488,,
36558,,
36585,,
36575,,
36555,,
36565,,
36561,,
36470,,
36478,,
36545,,
36513,,
36433,,
36603,,
36640,,
36554,,
36485,,
36651,,
36423,,
36708,,
36372,,
36504,,
36666,,
36259,,
36517,,
36484,,
36617,,
36624,,
36480,,
36463,,
36605,,
36413,,
36505,,
36557,,
36486,,
36698,,
36492,,
36469,,
36366,,
36356,,
36408,,
36495,,
36501,,
36725,,
36495,,
36341,,
36298,,
36523,,
36629,,
36456,,
36417,,
36541,,
36450,,
36698,,
36301,,
36438,,
36673,,
36542,,
36357,,
36464,,
36437,,
36617,,
36559,,
36568,,
36388,,
36546,,
36589,,
36602,,
36394,,
36495,,
36424,,
36567,,
36256,,
36591,,
36384,,
36558,,
36542,,
36634,,
36451,,
36581,,
36588,,
36662,,
36508,,
36364,,
36526,,
36557,,
36484,,
36601,,
36449,,
36418,,
36554,,
36590,,
36607,,
36522,,
36577,,
36550,,
36583,,
36619,,
36673,,
36498,,
36520,,
36487,,
36552,,
36762,,
36446,,
36521,,
36662,,
36599,,
36514,,
36514,,
36414,,
36535,,
36367,,
36529,,
36535,,
36414,,
36689,,
36640,,
36442,,
36641,,
36466,,
36436,,
36650,,
36529,,
36421,,
36701,,
36596,,
36500,,
36545,,
36388,,
36513,,
36749,,
36583,,
36540,,
36580,,
36379,,
36414,,
36480,,
36510,,
36607,,
36613,,
36667,,
36512,,
36745,,
36529,,
36677,,
36400,,
36467,,
36547,,
36386,,
36612,,
36543,,
36531,,
36761,,
36604,,
36599,,
36550,,
36409,,
36285,,
36413,,
36607,,
36804,,
36594,,
36593,,
36616,,
36399,,
36358,,
36545,,
36372,,
36541,,
36537,,
36577,,
36513,,
36688,,
36481,,
36315,,
36365,,
36478,,
36569,,
36613,,
36512,,
36498,,
36737,,
36695,,
36401,,
36554,,
36529,,
36529,,
36444,,
36421,,
36510,,
36528,,
36444,,
36596,,
36601,,
36480,,
36602,,
36439,,
36608,,
36454,,
36470,,
36630,,
36672,,
36325,,
36421,,
36700,,
36570,,
36393,,
36364,,
36651,,
36677,,
36523,,
36626,,
36499,,
36552,,
36539,,
36407,,
36680,,
36470,,
36629,,
36490,,
36582,,
36696,,
36280,,
36635,,
36668,,
36520,,
36505,,
36476,,
36448,,
36660,,
36401,,
36431,,
36535,,
36559,,
36455,,
36717,,
36367,,
36253,,
36441,,
36651,,
36694,,
36404,,
36509,,
36393,,
36514,,
36372,,
36529,,
36420,,
36635,,
36768,,
36728,,
36498,,
36732,,
36488,,
36510,,
36394,,
36515,,
36619,,
36416,,
36506,,
36468,,
36476,,
36590,,
36509,,
36570,,
36512,,
36427,,
36567,,
36567,,
36630,,
36491,,
36582,,
36624,,
36631,,
36525,,
36369,,
36414,,
36450,,
36598,,
36593,,
36528,,
36506,,
36358,,
36680,,
36567,,
36605,,
36688,,
36583,,
36573,,
36598,,
36603,,
36632,,
36815,,
36490,,
36470,,
36510,,
36552,,
36646,,
36654,,
36462,,
36337,,
36517,,
36499,,
36527,,
36582,,
36653,,
36719,,
36462,,
36652,,
36516,,
36582,,
36562,,
36680,,
36518,,
36607,,
36587,,
36468,,
36506,,
36430,,
36661,,
36590,,
36487,,
36475,,
36742,,
36664,,
36671,,
36513,,
36727,,
36633,,
36541,,
36629,,
36530,,
36481,,
36577,,
36493,,
36577,,
36572,,
36725,,
36402,,
36544,,
36495,,
36555,,
36540,,
36349,,
36575,,
36549,,
36414,,
36515,,
36593,,
36618,,
36483,,
36587,,
36632,,
36606,,
36553,,
36385,,
36605,,
36668,,
36521,,
36473,,
36570,,
36556,,
36613,,
36527,,
36449,,
36559,,
36624,,
36480,,
36624,,
36541,,
36486,,
36511,,
36578,,
36494,,
36549,,
36465,,
36627,,
36431,,
36426,,
36704,,
36534,,
36500,,
36334,,
36523,,
36713,,
36623,,
36497,,
36470,,
36478,,
36589,,
36542,,
36583,,
36433,,
36474,,
36409,,
36420,,
36493,,
36575,,
36506,,
36591,,
36652,,
36474,,
36603,,
36707,,
36665,,
36630,,
36628,,
36404,,
36439,,
36559,,
36300,,
36423,,
36587,,
36741,,
36577,,
36587,,
36586,,
36605,,
36695,,
36286,,
36469,,
36227,,
36522,,
36465,,
36587,,
36379,,
36459,,
36585,,
36491,,
36463,,
36623,,
36733,,
36458,,
36400,,
36403,,
36597,,
36504,,
36614,,
36588,,
36510,,
36523,,
36423,,
36549,,
36531,,
36556,,
36546,,
36817,,
36462,,
36475,,
36583,,
36743,,
36694,,
36410,,
36414,,
36490,,
36494,,
36725,,
36709,,
36466,,
36566,,
36448,,
36564,,
36531,,
36707,,
36521,,
36512,,
36414,,
36602,,
36535,,
36472,,
36492,,
36528,,
36419,,
36599,,
36406,,
36423,,
36506,,
36620,,
36583,,
36481,,
36517,,
36613,,
36597,,
36486,,
36263,,
36408,,
36557,,
36715,,
36331,,
36511,,
36500,,
36435,,
36788,,
36512,,
36583,,
36524,,
36373,,
36392,,
36545,,
36532,,
36404,,
36680,,
36396,,
36564,,
36539,,
36583,,
36420,,
36699,,
36610,,
36432,,
36385,,
36614,,
36664,,
36418,,
36602,,
36798,,
36516,,
36675,,
36644,,
36429,,
36476,,
36757,,
36471,,
36438,,
36573,,
36534,,
36468,,
36352,,
36513,,
36475,,
36750,,
36485,,
36479,,
36456,,
36471,,
36596,,
36497,,
36825,,
36576,,
36367,,
36466,,
36695,,
36512,,
36594,,
36568,,
36551,,
36467,,
36587,,
36590,,
36508,,
36623,,
36527,,
36571,,
36603,,
36425,,
36511,,
36641,,
36565,,
36584,,
36498,,
36540,,
36438,,
36542,,
36569,,
36507,,
36544,,
36460,,
36365,,
36474,,
36515,,
36493,,
36307,,
36607,,
36371,,
36291,,
36431,,
36509,,
36487,,
36419,,
36627,,
36609,,
36409,,
36537,,
36590,,
36414,,
36636,,
36558,,
36319,,
36484,,
36625,,
36361,,
36509,,
36397,,
36478,,
36495,,
36557,,
36772,,
36550,,
36402,,
36375,,
36500,,
36479,,
36399,,
36665,,
36557,,
36555,,
36587,,
36465,,
36436,,
36469,,
36377,,
36613,,
36651,,
36594,,
36626,,
36654,,
36722,,
36598,,
36613,,
36487,,
36575,,
36546,,
36516,,
36572,,
36494,,
36553,,
36523,,
36473,,
36524,,
36555,,
36389,,
36580,,
36642,,
36607,,
36454,,
36570,,
36372,,
36626,,
36592,,
36414,,
36391,,
36673,,
36346,,
36696,,
36192,,
36506,,
36631,,
36684,,
36408,,
36739,,
36576,,
36576,,
36703,,
36506,,
36394,,
36523,,
36462,,
36529,,
36587,,
36564,,
36524,,
36475,,
36488,,
36465,,
36646,,
36528,,
36553,,
36658,,
36631,,
36482,,
36755,,
36408,,
36618,,
36405,,
36641,,
36624,,
36463,,
36378,,
36546,,
36656,,
36561,,
36551,,
36529,,
36328,,
36631,,
36504,,
36579,,
36622,,
36408,,
36400,,
36542,,
36661,,
36497,,
36464,,
36614,,
36519,,
36436,,
36532,,
36329,,
36469,,
36408,,
36549,,
36419,,
36584,,
36486,,
36232,,
36524,,
36551,,
36510,,
36764,,
36683,,
36569,,
36595,,
36519,,
36698,,
36546,,
36649,,
36452,,
36646,,
36547,,
36472,,
36652,,
36565,,
36521,,
36563,,
36557,,
36564,,
36632,,
36503,,
36666,,
36448,,
36438,,
36475,,
36523,,
36445,,
36635,,
36559,,
36525,,
36627,,
36525,,
36585,,
36454,,
36219,,
36607,,
36704,,
36620,,
36441,,
36488,,
36600,,
36418,,
36475,,
36410,,
36425,,
36508,,
36442,,
36541,,
36753,,
36514,,
36480,,
36572,,
36436,,
36410,,
36508,,
36454,,
36452,,
36574,,
36365,,
36809,,
36312,,
36510,,
36665,,
36686,,
36629,,
36620,,
36618,,
36296,,
36561,,
36396,,
36648,,
36516,,
36498,,
36564,,
36599,,
36399,,
36285,,
36600,,
36495,,
36393,,
36417,,
36348,,
36449,,
36521,,
36490,,
36514,,
36400,,
36522,,
36432,,
36548,,
36622,,
36507,,
36529,,
36757,,
36549,,
36473,,
36546,,
36521,,
36379,,
36583,,
36640,,
36470,,
36621,,
36599,,
36656,,
36415,,
36390,,
36571,,
36768,,
36624,,
36585,,
36619,,
36550,,
36734,,
36654,,
36562,,
36480,,
36362,,
36516,,
36440,,
36483,,
36623,,
36582,,
36443,,
36611,,
36642,,
36518,,
36522,,
36493,,
36521,,
36454,,
36546,,
36355,,
36472,,
36815,,
36472,,
36583,,
36555,,
36493,,
36386,,
36381,,
36461,,
36300,,
36509,,
36359,,
36288,,
36679,,
36338,,
36651,,
36285,,
36477,,
36471,,
36460,,
36377,,
36691,,
36473,,
36541,,
36684,,
36547,,
36549,,
36614,,
36582,,
36601,,
36422,,
36478,,
36649,,
36509,,
36528,,
36508,,
36761,,
36633,,
36537,,
36739,,
36534,,
36605,,
36447,,
36654,,
36555,,
36474,,
36685,,
36500,,
36441,,
36497,,
36542,,
36388,,
36465,,
36723,,
36376,,
36482,,
36499,,
36510,,
36390,,
36439,,
36607,,
36738,,
36521,,
36616,,
36506,,
36548,,
36451,,
36513,,
36522,,
36477,,
36442,,
36602,,
36517,,
36376,,
36430,,
36664,,
36519,,
36451,,
36575,,
36671,,
36655,,
36462,,
36484,,
36640,,
36516,,
36550,,
36598,,
36662,,
36671,,
36479,,
36572,,
36636,,
36679,,
36592,,
36594,,
36721,,
36641,,
36617,,
36583,,
36497,,
36429,,
36467,,
36810,,
36642,,
36501,,
36466,,
36526,,
36435,,
36376,,
36455,,
36448,,
36573,,
36428,,
36399,,
36636,,
36501,,
36636,,
36530,,
36452,,
36744,,
36520,,
36721,,
36296,,
36501,,
36527,,
36448,,
36451,,
36464,,
36506,,
36368,,
36596,,
36587,,
36629,,
36333,,
36534,,
36685,,
36474,,
36674,,
36422,,
36328,,
36625,,
36715,,
36586,,
36515,,
36591,,
36552,,
36572,,
36777,,
36572,,
36612,,
36245,,
36455,,
36604,,
36459,,
36625,,
36716,,
36600,,
36491,,
36445,,
36507,,
36568,,
36284,,
36458,,
36456,,
36598,,
36432,,
36604,,
36621,,
36297,,
36431,,
36464,,
36402,,
36358,,
36617,,
36576,,
36486,,
36500,,
36507,,
36441,,
36348,,
36204,,
36706,,
36547,,
36380,,
36523,,
36555,,
36557,,
36614,,
36506,,
36617,,
36510,,
36577,,
36506,,
36736,,
36654,,
36573,,
36514,,
36418,,
36730,,
36656,,
36411,,
36355,,
36600,,
36466,,
36337,,
36616,,
36490,,
36570,,
36493,,
36526,,
36569,,
36700,,
36642,,
36524,,
36584,,
36422,,
36436,,
36482,,
36593,,
36416,,
36564,,
36331,,
36530,,
36466,,
36488,,
36540,,
36391,,
36512,,
36641,,
36716,,
36747,,
36620,,
36601,,
36456,,
36482,,
36449,,
36338,,
36457,,
36675,,
36438,,
36502,,
36517,,
36339,,
36606,,
36612,,
36636,,
36584,,
36504,,
36640,,
36412,,
36703,,
36624,,
36536,,
36337,,
36449,,
36438,,
36511,,
36385,,
36438,,
36672,,
36598,,
36461,,
36616,,
36292,,
36607,,
36488,,
36692,,
36379,,
36706,,
36513,,
36433,,
36671,,
36747,,
36609,,
36634,,
36515,,
36450,,
36478,,
36638,,
36456,,
36508,,
36445,,
36576,,
36300,,
36417,,
36747,,
36404,,
36528,,
36601,,
36437,,
36381,,
36391,,
36532,,
36548,,
36371,,
36320,,
36523,,
36609,,
36499,,
36627,,
36617,,
36638,,
36576,,
36313,,
36477,,
36549,,
36383,,
36664,,
36712,,
36597,,
36628,,
36457,,
36478,,
36618,,
36486,,
36684,,
36701,,
36361,,
36571,,
36606,,
36619,,
36569,,
36329,,
36553,,
36624,,
36515,,
36391,,
36561,,
36639,,
36515,,
36552,,
36327,,
36415,,
36493,,
36656,,
36533,,
36424,,
36591,,
36359,,
36429,,
36454,,
36436,,
36657,,
36530,,
36525,,
36524,,
36596,,
36530,,
36616,,
36481,,
36437,,
36394,,
36570,,
36553,,
36731,,
36678,,
36517,,
36458,,
36614,,
36557,,
36476,,
36442,,
36487,,
36463,,
36444,,
36713,,
36638,,
36825,,
36653,,
36580,,
36502,,
36489,,
36530,,
36530,,
36604,,
36487,,
36413,,
36533,,
36455,,
36406,,
36610,,
36545,,
36384,,
36467,,
36497,,
36594,,
36790,,
36519,,
36460,,
36452,,
36509,,
36582,,
36546,,
36597,,
36361,,
36493,,
36477,,
36620,,
36424,,
36410,,
36416,,
36521,,
36607,,
36629,,
36551,,
36742,,
36479,,
36493,,
36452,,
36660,,
36606,,
36451,,
36263,,
36607,,
36533,,
36522,,
36724,,
36648,,
36676,,
36467,,
36602,,
36594,,
36463,,
36486,,
36820,,
36487,,
36524,,
36745,,
36666,,
36606,,
36489,,
36795,,
36374,,
36415,,
36638,,
36673,,
36586,,
36341,,
36260,,
36655,,
36541,,
36532,,
36511,,
36562,,
36479,,
36355,,
36441,,
36301,,
36484,,
36457,,
36480,,
36630,,
36470,,
36607,,
36430,,
36499,,
36669,,
36471,,
36676,,
36371,,
36592,,
36424,,
36622,,
36443,,
36436,,
36427,,
36529,,
36395,,
36473,,
36591,,
36627,,
36586,,
36454,,
36645,,
36483,,
36505,,
36509,,
36457,,
36647,,
36424,,
36380,,
36489,,
36577,,
36588,,
36635,,
36501,,
36576,,
36586,,
36459,,
36539,,
36549,,
36517,,
36513,,
36577,,
36445,,
36584,,
36529,,
36366,,
36562,,
36515,,
36474,,
36492,,
36668,,
36447,,
36493,,
36618,,
36330,,
36587,,
36578,,
36617,,
36535,,
36277,,
36406,,
36609,,
36587,,
36610,,
36359,,
36521,,
36408,,
36309,,
36491,,
36376,,
36460,,
36427,,
36556,,
36656,,
36705,,
36528,,
36714,,
36402,,
36691,,
36458,,
36605,,
36583,,
36503,,
36572,,
36474,,
36498,,
36454,,
36349,,
36540,,
36407,,
36337,,
36688,,
36613,,
36533,,
36557,,
36438,,
36707,,
36539,,
36484,,
36439,,
36449,,
36464,,
36740,,
36494,,
36519,,
36558,,
36496,,
36471,,
36514,,
36440,,
36406,,
36361,,
36578,,
36536,,
36354,,
36482,,
36393,,
36557,,
36370,,
36468,,
36393,,
36549,,
36434,,
36650,,
36537,,
36769,,
36519,,
36430,,
36613,,
36668,,
36493,,
36646,,
36528,,
36454,,
36785,,
36525,,
36391,,
36616,,
36618,,
36503,,
36500,,
36559,,
36507,,
36528,,
36256,,
36554,,
36453,,
36603,,
36456,,
36600,,
36347,,
36609,,
36621,,
36644,,
36498,,
36564,,
36602,,
36594,,
36485,,
36336,,
36640,,
36678,,
36387,,
36439,,
36424,,
36399,,
36480,,
36682,,
36517,,
36583,,
36541,,
36434,,
36233,,
36508,,
36594,,
36346,,
36466,,
36575,,
36485,,
36461,,
36712,,
36465,,
36674,,
36678,,
36304,,
36763,,
36390,,
36520,,
36702,,
36570,,
36445,,
36518,,
36508,,
36561,,
36527,,
36466,,
36657,,
36501,,
36497,,
36637,,
36539,,
36438,,
36551,,
36510,,
36468,,
36560,,
36467,,
36610,,
36544,,
36749,,
36668,,
36608,,
36576,,
36502,,
36491,,
36404,,
36475,,
36571,,
36574,,
36601,,
36580,,
36500,,
36702,,
36710,,
36400,,
36576,,
36425,,
36528,,
36280,,
36409,,
36562,,
36542,,
36489,,
36520,,
36415,,
36570,,
36629,,
36482,,
36502,,
36593,,
36505,,
36470,,
36539,,
36449,,
36449,,
36543,,
36461,,
36425,,
36503,,
36511,,
36632,,
36390,,
36510,,
36680,,
36366,,
36477,,
36517,,
36628,,
36531,,
36493,,
36449,,
36346,,
36583,,
36540,,
36674,,
36734,,
36463,,
36300,,
36737,,
36454,,
36422,,
36423,,
36499,,
36395,,
36639,,
36617,,
36456,,
36619,,
36670,,
36584,,
36216,,
36519,,
36663,,
36630,,
36560,,
36428,,
36597,,
36687,,
36515,,
36498,,
36427,,
36367,,
36446,,
36496,,
36702,,
36530,,
36535,,
36522,,
36603,,
36610,,
36549,,
36370,,
36356,,
36447,,
36512,,
36568,,
36380,,
36426,,
36680,,
36381,,
36461,,
36351,,
36614,,
36587,,
36665,,
36418,,
36432,,
36399,,
36526,,
36598,,
36465,,
36620,,
36424,,
36476,,
36504,,
36811,,
36375,,
36426,,
36493,,
36602,,
36443,,
36561,,
36476,,
36479,,
36527,,
36521,,
36605,,
36443,,
36634,,
36502,,
36650,,
36574,,
36553,,
36527,,
36538,,
36714,,
36546,,
36491,,
36625,,
36432,,
36587,,
36554,,
36433,,
36744,,
36433,,
36645,,
36550,,
36544,,
36354,,
36696,,
36561,,
36479,,
36554,,
36513,,
36587,,
36490,,
36551,,
36530,,
36504,,
36430,,
36396,,
36533,,
36656,,
36476,,
36622,,
36589,,
36648,,
36439,,
36599,,
36593,,
36480,,
36594,,
36359,,
36434,,
36627,,
36730,,
36610,,
36385,,
36590,,
36507,,
36537,,
36581,,
36600,,
36642,,
36541,,
36614,,
36455,,
36687,,
36475,,
36389,,
36363,,
36428,,
36563,,
36606,,
36411,,
36740,,
36671,,
36331,,
36493,,
36478,,
36536,,
36488,,
36497,,
36538,,
36591,,
36396,,
36434,,
36449,,
36714,,
36644,,
36351,,
36375,,
36572,,
36570,,
36550,,
36499,,
36587,,
36651,,
36428,,
36389,,
36304,,
36312,,
36573,,
36395,,
36658,,
36347,,
36392,,
36468,,
36404,,
36717,,
36517,,
36557,,
36521,,
36555,,
36602,,
36580,,
36503,,
36495,,
36543,,
36482,,
36432,,
36679,,
36402,,
36608,,
36592,,
36397,,
36426,,
36530,,
36544,,
36612,,
36328,,
36546,,
36544,,
36555,,
36563,,
36387,,
36388,,
36357,,
36800,,
36458,,
36430,,
36440,,
36733,,
36609,,
36534,,
36650,,
36431,,
36478,,
36668,,
36630,,
36446,,
36522,,
36446,,
36623,,
36251,,
36509,,
36380,,
36605,,
36542,,
36565,,
36592,,
36460,,
36620,,
36477,,
36632,,
36367,,
36318,,
36577,,
36388,,
36558,,
36476,,
36453,,
36470,,
36412,,
36817,,
36552,,
36275,,
36738,,
36452,,
36493,,
36397,,
36581,,
36646,,
36607,,
36645,,
36606,,
36530,,
36496,,
36459,,
36460,,
36326,,
36674,,
36506,,
36625,,
36381,,
36584,,
36567,,
36742,,
36603,,
36610,,
36581,,
36583,,
36542,,
36634,,
36298,,
36297,,
36554,,
36612,,
36759,,
36311,,
36283,,
36519,,
36625,,
36323,,
36430,,
36544,,
36700,,
36505,,
36537,,
36577,,
36575,,
36521,,
36671,,
36513,,
36414,,
36760,,
36635,,
36666,,
36385,,
36365,,
36732,,
36621,,
36268,,
36605,,
36626,,
36532,,
36588,,
36643,,
36608,,
36478,,
36731,,
36647,,
36549,,
36441,,
36492,,
36619,,
36423,,
36568,,
36525,,
36496,,
36359,,
36836,,
36592,,
36306,,
36634,,
36551,,
36374,,
36516,,
36507,,
36552,,
36452,,
36472,,
36537,,
36559,,
36391,,
36691,,
36569,,
36348,,
36571,,
36541,,
36513,,
36612,,
36433,,
36446,,
36342,,
36683,,
36563,,
36587,,
36592,,
36647,,
36460,,
36451,,
36796,,
36469,,
36696,,
36477,,
36661,,
36358,,
36566,,
36271,,
36499,,
36559,,
36691,,
36434,,
36467,,
36560,,
36554,,
36503,,
36609,,
36654,,
36400,,
36759,,
36574,,
36425,,
36549,,
36645,,
36326,,
36436,,
36539,,
36593,,
36566,,
36489,,
36426,,
36471,,
36507,,
36582,,
36678,,
36448,,
36577,,
36400,,
36492,,
36524,,
36592,,
36520,,
36453,,
36509,,
36520,,
36493,,
36604,,
36588,,
36542,,
36603,,
36633,,
36598,,
36596,,
36489,,
36548,,
36537,,
36408,,
36750,,
36346,,
36590,,
36543,,
36595,,
36634,,
36604,,
36530,,
36584,,
36595,,
36559,,
36312,,
36562,,
36512,,
36494,,
36538,,
36429,,
36453,,
36594,,
36638,,
36583,,
36669,,
36413,,
36373,,
36605,,
36535,,
36586,,
36380,,
36564,,
36488,,
36467,,
36594,,
36610,,
36465,,
36515,,
36645,,
36595,,
36507,,
36659,,
36698,,
36319,,
36282,,
36631,,
36502,,
36438,,
36527,,
36377,,
36634,,
36722,,
36735,,
36626,,
36417,,
36514,,
36620,,
36305,,
36550,,
36570,,
36684,,
36359,,
36524,,
36585,,
36563,,
36518,,
36666,,
36540,,
36498,,
36441,,
36623,,
36566,,
36639,,
36520,,
36638,,
36714,,
36389,,
36366,,
36721,,
36553,,
36615,,
36494,,
36603,,
36447,,
36505,,
36395,,
36401,,
36397,,
36451,,
36430,,
36502,,
36530,,
36635,,
36424,,
36558,,
36549,,
36569,,
36551,,
36519,,
36406,,
36269,,
36565,,
36608,,
36515,,
36366,,
36657,,
36548,,
36683,,
36649,,
36568,,
36468,,
36502,,
36378,,
36673,,
36630,,
36503,,
36561,,
36467,,
36629,,
36536,,
36456,,
36515,,
36518,,
36501,,
36350,,
36582,,
36721,,
36582,,
36690,,
36449,,
36424,,
36492,,
36549,,
36570,,
36622,,
36419,,
36520,,
36436,,
36529,,
36644,,
36483,,
36594,,
36620,,
36432,,
36227,,
36459,,
36493,,
36612,,
36601,,
36544,,
36210,,
36618,,
36620,,
36576,,
36713,,
36516,,
36502,,
36557,,
36439,,
36578,,
36595,,
36495,,
36495,,
36765,,
36505,,
36430,,
36504,,
36456,,
36579,,
36658,,
36666,,
36363,,
36245,,
36643,,
36537,,
36708,,
36522,,
36546,,
36520,,
36384,,
36631,,
36465,,
36494,,
36476,,
36628,,
36568,,
36438,,
36580,,
36384,,
36469,,
36534,,
36609,,
36423,,
36400,,
36603,,
36550,,
36740,,
36574,,
36481,,
36400,,
36635,,
36502,,
36432,,
36592,,
36567,,
36412,,
36455,,
36506,,
36548,,
36518,,
36650,,
36502,,
36477,,
36381,,
36529,,
36668,,
36526,,
36521,,
36372,,
36491,,
36435,,
36428,,
36316,,
36428,,
36747,,
36504,,
36511,,
36661,,
36310,,
36522,,
36400,,
36448,,
36399,,
36608,,
36500,,
36299,,
36363,,
36467,,
36691,,
36407,,
36424,,
36523,,
36367,,
36390,,
36532,,
36591,,
36628,,
36557,,
36541,,
36402,,
36599,,
36624,,
36661,,
36732,,
36603,,
36683,,
36452,,
36691,,
36560,,
36640,,
36505,,
36322,,
36532,,
36354,,
36520,,
36692,,
36575,,
36653,,
36605,,
36706,,
36720,,
36702,,
36394,,
36526,,
36401,,
36336,,
36578,,
36646,,
36664,,
36621,,
36785,,
36848,,
36768,,
36553,,
36694,,
36481,,
36476,,
36695,,
36624,,
36416,,
36510,,
36537,,
36367,,
36584,,
36460,,
36751,,
36471,,
36555,,
36487,,
36219,,
36468,,
36502,,
36571,,
36500,,
36341,,
36737,,
36525,,
36429,,
36723,,
36544,,
36711,,
36461,,
36384,,
36570,,
36552,,
36406,,
36450,,
36524,,
36541,,
36569,,
36507,,
36582,,
36506,,
36742,,
36439,,
36444,,
36615,,
36536,,
36466,,
36429,,
36454,,
36451,,
36539,,
36543,,
36522,,
36526,,
36578,,
36658,,
36413,,
36334,,
36776,,
36769,,
36485,,
36515,,
36558,,
36500,,
36552,,
36510,,
36357,,
36567,,
36567,,
36568,,
36526,,
36513,,
36483,,
36443,,
36637,,
36568,,
36482,,
36442,,
36411,,
36668,,
36557,,
36526,,
36585,,
36489,,
36472,,
36558,,
36426,,
36645,,
36371,,
36545,,
36605,,
36510,,
36348,,
36465,,
36509,,
36569,,
36456,,
36573,,
36610,,
36587,,
36591,,
36752,,
36575,,
36553,,
36516,,
36676,,
36502,,
36578,,
36774,,
36346,,
36524,,
36527,,
36646,,
36387,,
36602,,
36399,,
36736,,
36666,,
36501,,
36517,,
36417,,
36722,,
36588,,
36558,,
36394,,
36449,,
36612,,
36400,,
36510,,
36530,,
36584,,
36616,,
36656,,
36307,,
36312,,
36536,,
36379,,
36391,,
36548,,
36587,,
36560,,
36559,,
36511,,
36465,,
36453,,
36498,,
36610,,
36492,,
36628,,
36536,,
36540,,
36497,,
36437,,
36355,,
36592,,
36577,,
36661,,
36581,,
36496,,
36593,,
36671,,
36491,,
36456,,
36597,,
36416,,
36580,,
36648,,
36404,,
36547,,
36683,,
36536,,
36598,,
36541,,
36536,,
36465,,
36444,,
36524,,
36613,,
36627,,
36585,,
36322,,
36425,,
36447,,
36494,,
36562,,
36594,,
36525,,
36635,,
36623,,
36494,,
36454,,
36468,,
36548,,
36585,,
36629,,
36484,,
36585,,
36569,,
36747,,
36381,,
36442,,
36521,,
36767,,
36583,,
36760,,
36549,,
36548,,
36594,,
36718,,
36423,,
36653,,
36439,,
36480,,
36529,,
36602,,
36427,,
36646,,
36636,,
36639,,
36584,,
36780,,
36482,,
36444,,
36472,,
36436,,
36489,,
36647,,
36709,,
36422,,
36611,,
36408,,
36492,,
36501,,
36694,,
36416,,
36502,,
36435,,
36517,,
36373,,
36499,,
36458,,
36545,,
36482,,
36517,,
36410,,
36555,,
36483,,
36603,,
36430,,
36446,,
36456,,
36511,,
36333,,
36546,,
36602,,
36623,,
36369,,
36484,,
36679,,
36448,,
36486,,
36656,,
36303,,
36479,,
36517,,
36452,,
36703,,
36664,,
36421,,
36727,,
36517,,
36489,,
36622,,
36363,,
36610,,
36647,,
36452,,
36610,,
36507,,
36549,,
36531,,
36677,,
36634,,
36550,,
36467,,
36712,,
36417,,
36621,,
36659,,
36403,,
36407,,
36597,,
36415,,
36698,,
36554,,
36517,,
36589,,
36640,,
36584,,
36548,,
36663,,
36682,,
36612,,
36532,,
36475,,
36613,,
36690,,
36354,,
36671,,
36742,,
36532,,
36528,,
36539,,
36452,,
36549,,
36602,,
36742,,
36534,,
36469,,
36506,,
36409,,
36616,,
36574,,
36547,,
36676,,
36702,,
36487,,
36443,,
36567,,
36571,,
36433,,
36371,,
36578,,
36595,,
36500,,
36454,,
36503,,
36587,,
36587,,
36471,,
36599,,
36427,,
36577,,
36498,,
36471,,
36493,,
36551,,
36726,,
36625,,
36504,,
36671,,
36323,,
36612,,
36419,,
36564,,
36457,,
36381,,
36558,,
36630,,
36575,,
36767,,
36575,,
36225,,
36748,,
36795,,
36559,,
36675,,
36503,,
36561,,
36541,,
36796,,
36365,,
36266,,
36427,,
36499,,
36573,,
36473,,
36492,,
36366,,
36767,,
36486,,
36508,,
36464,,
36380,,
36669,,
36615,,
36482,,
36441,,
36680,,
36498,,
36317,,
36609,,
36671,,
36452,,
36622,,
36554,,
36574,,
36486,,
36383,,
36320,,
36639,,
36649,,
36416,,
36610,,
36697,,
36572,,
36434,,
36452,,
36401,,
36559,,
36582,,
36636,,
36353,,
36478,,
36557,,
36379,,
36539,,
36543,,
36746,,
36587,,
36517,,
36451,,
36511,,
36666,,
36549,,
36552,,
36468,,
36425,,
36596,,
36588,,
36662,,
36402,,
36541,,
36554,,
36543,,
36406,,
36463,,
36485,,
36716,,
36565,,
36463,,
36528,,
36572,,
36638,,
36605,,
36597,,
36604,,
36423,,
36513,,
36426,,
36606,,
36575,,
36423,,
36442,,
36556,,
36560,,
36493,,
36616,,
36585,,
36304,,
36540,,
36580,,
36579,,
36386,,
36392,,
36519,,
36508,,
36540,,
36502,,
36454,,
36341,,
36581,,
36536,,
36637,,
36633,,
36590,,
36418,,
36631,,
36507,,
36696,,
36334,,
36623,,
36650,,
36737,,
36498,,
36695,,
36566,,
36724,,
36607,,
36512,,
36439,,
36465,,
36532,,
36608,,
36542,,
36539,,
36319,,
36745,,
36614,,
36521,,
36666,,
36519,,
36619,,
36449,,
36606,,
36478,,
36672,,
36525,,
36472,,
36605,,
36459,,
36752,,
36515,,
36489,,
36626,,
36429,,
36567,,
36499,,
36491,,
36560,,
36565,,
36513,,
36659,,
36345,,
36332,,
36656,,
36502,,
36534,,
36516,,
36558,,
36585,,
36532,,
36553,,
36540,,
36560,,
36613,,
36439,,
36582,,
36432,,
36371,,
36725,,
36603,,
36325,,
36437,,
36700,,
36272,,
36663,,
36646,,
36531,,
36441,,
36488,,
36474,,
36655,,
36651,,
36539,,
36626,,
36540,,
36473,,
36496,,
36403,,
36491,,
36559,,
36409,,
36468,,
36596,,
36628,,
36558,,
36614,,
36290,,
36482,,
36454,,
36586,,
36542,,
36546,,
36568,,
36483,,
36709,,
36716,,
36324,,
36539,,
36737,,
36345,,
36465,,
36667,,
36660,,
36218,,
36468,,
36491,,
36549,,
36635,,
36707,,
36444,,
36561,,
36512,,
36815,,
36552,,
36751,,
36513,,
36514,,
36476,,
36388,,
36479,,
36458,,
36366,,
36348,,
36497,,
36492,,
36492,,
36537,,
36505,,
36580,,
36588,,
36577,,
36484,,
36446,,
36532,,
36540,,
36609,,
36383,,
36331,,
36652,,
36583,,
36498,,
36517,,
36556,,
36362,,
36360,,
36469,,
36406,,
36504,,
36699,,
36656,,
36494,,
36286,,
36627,,
36492,,
36271,,
36451,,
36471,,
36428,,
36462,,
36439,,
36511,,
36321,,
36459,,
36547,,
36711,,
36454,,
36667,,
36592,,
36644,,
36419,,
36615,,
36596,,
36711,,
36490,,
36681,,
36506,,
36414,,
36674,,
36456,,
36414,,
36529,,
36725,,
36677,,
36606,,
36432,,
36455,,
36506,,
36530,,
36464,,
36769,,
36561,,
36562,,
36436,,
36594,,
36505,,
36771,,
36585,,
36374,,
36267,,
36739,,
36764,,
36572,,
36718,,
36688,,
36489,,
36655,,
36449,,
36586,,
36555,,
36582,,
36330,,
36711,,
36421,,
36518,,
36631,,
36418,,
36459,,
36589,,
36441,,
36478,,
36662,,
36525,,
36422,,
36591,,
36556,,
36583,,
36435,,
36586,,
36671,,
36544,,
36601,,
36526,,
36522,,
36425,,
36433,,
36472,,
36583,,
36551,,
36517,,
36529,,
36372,,
36595,,
36337,,
36432,,
36471,,
36406,,
36585,,
36385,,
36768,,
36572,,
36640,,
36571,,
36587,,
36569,,
36680,,
36570,,
36467,,
36369,,
36555,,
36508,,
36525,,
36516,,
36472,,
36575,,
36323,,
36651,,
36487,,
36714,,
36485,,
36605,,
36584,,
36354,,
36459,,
36628,,
36559,,
36517,,
36580,,
36586,,
36495,,
36584,,
36639,,
36509,,
36495,,
36413,,
36589,,
36812,,
36499,,
36554,,
36574,,
36687,,
36503,,
36551,,
36556,,
36506,,
36446,,
36315,,
36460,,
36434,,
36480,,
36642,,
36418,,
36560,,
36720,,
36529,,
36430,,
36578,,
36486,,
36652,,
36547,,
36448,,
36529,,
36487,,
36532,,
36492,,
36386,,
36661,,
36385,,
36553,,
36583,,
36521,,
36807,,
36451,,
36487,,
36452,,
36497,,
36471,,
36541,,
36554,,
36509,,
36411,,
36394,,
36441,,
36639,,
36490,,
36365,,
36678,,
36444,,
36546,,
36585,,
36569,,
36492,,
36512,,
36491,,
36617,,
36676,,
36553,,
36445,,
36424,,
36507,,
36475,,
36475,,
36649,,
36450,,
36507,,
36739,,
36479,,
36628,,
36382,,
36594,,
36466,,
36538,,
36616,,
36619,,
36539,,
36358,,
36544,,
36313,,
36445,,
36415,,
36507,,
36519,,
36639,,
36457,,
36637,,
36512,,
36630,,
36592,,
36571,,
36412,,
36524,,
36567,,
36569,,
36602,,
36514,,
36582,,
36346,,
36583,,
36398,,
36625,,
36745,,
36590,,
36536,,
36698,,
36777,,
36570,,
36617,,
36543,,
36670,,
36550,,
36564,,
36699,,
36543,,
36574,,
36526,,
36539,,
36415,,
36579,,
36552,,
36517,,
36504,,
36455,,
36519,,
36590,,
36391,,
36458,,
36447,,
36508,,
36517,,
36499,,
36842,,
36514,,
36523,,
36669,,
36640,,
36633,,
36587,,
36578,,
36381,,
36422,,
36667,,
36642,,
36414,,
36609,,
36557,,
36528,,
36572,,
36360,,
36416,,
36578,,
36559,,
36380,,
36369,,
36628,,
36618,,
36660,,
36479,,
36389,,
36622,,
36443,,
36513,,
36652,,
36590,,
36651,,
36677,,
36525,,
36681,,
36453,,
36256,,
36386,,
36436,,
36427,,
36595,,
36603,,
36563,,
36577,,
36590,,
36630,,
36429,,
36385,,
36930,,
36658,,
36586,,
36682,,
36495,,
36655,,
36690,,
36551,,
36530,,
36472,,
36410,,
36577,,
36552,,
36599,,
36509,,
36518,,
36517,,
36553,,
36485,,
36494,,
36597,,
36578,,
36497,,
36330,,
36719,,
36814,,
36634,,
36589,,
36374,,
36453,,
36505,,
36432,,
36543,,
36586,,
36631,,
36534,,
36515,,
36539,,
36573,,
36443,,
36590,,
36613,,
36693,,
36418,,
36656,,
36473,,
36585,,
36498,,
36576,,
36339,,
36558,,
36513,,
36508,,
36613,,
36406,,
36529,,
36459,,
36790,,
36572,,
36528,,
36434,,
36491,,
36545,,
36602,,
36621,,
36691,,
36553,,
36485,,
36619,,
36492,,
36670,,
36478,,
36635,,
36644,,
36306,,
36459,,
36681,,
36629,,
36464,,
36627,,
36647,,
36564,,
36506,,
36659,,
36391,,
36493,,
36596,,
36530,,
36729,,
36493,,
36495,,
36588,,
36625,,
36546,,
36723,,
36523,,
36643,,
36541,,
36548,,
36598,,
36492,,
36502,,
36542,,
36323,,
36621,,
36450,,
36579,,
36432,,
36609,,
36389,,
36391,,
36389,,
36526,,
36650,,
36363,,
36525,,
36461,,
36444,,
36347,,
36607,,
36518,,
36606,,
36716,,
36647,,
36461,,
36597,,
36598,,
36617,,
36571,,
36522,,
36346,,
36496,,
36680,,
36468,,
36479,,
36373,,
36456,,
36550,,
36558,,
36569,,
36459,,
36204,,
36630,,
36543,,
36490,,
36653,,
36439,,
36524,,
36435,,
36464,,
36390,,
36551,,
36431,,
36599,,
36539,,
36678,,
36493,,
36571,,
36399,,
36559,,
36691,,
36409,,
36358,,
36620,,
36483,,
36653,,
36669,,
36350,,
36465,,
36585,,
36448,,
36524,,
36247,,
36604,,
36555,,
36205,,
36733,,
36547,,
36583,,
36389,,
36593,,
36550,,
36480,,
36583,,
36557,,
36401,,
36594,,
36503,,
36528,,
36378,,
36465,,
36368,,
36472,,
36623,,
36466,,
36171,,
36505,,
36509,,
36557,,
36600,,
36322,,
36665,,
36333,,
36285,,
36683,,
36595,,
36375,,
36519,,
36484,,
36536,,
36752,,
36556,,
36342,,
36233,,
36370,,
36376,,
36844,,
36576,,
36363,,
36572,,
36546,,
36535,,
36468,,
36495,,
36567,,
36348,,
36545,,
36598,,
36442,,
36716,,
36454,,
36478,,
36594,,
36551,,
36509,,
36484,,
36526,,
36748,,
36684,,
36577,,
36702,,
36778,,
36541,,
36561,,
36706,,
36570,,
36454,,
36572,,
36541,,
36618,,
36492,,
36462,,
36711,,
36438,,
36375,,
36535,,
36491,,
36718,,
36651,,
36600,,
36631,,
36675,,
36589,,
36519,,
36586,,
36422,,
36475,,
36534,,
36434,,
36395,,
36642,,
36481,,
36679,,
36363,,
36570,,
36532,,
36389,,
36553,,
36589,,
36640,,
36279,,
36488,,
36682,,
36457,,
36673,,
36571,,
36373,,
36423,,
36638,,
36337,,
36450,,
36581,,
36657,,
36444,,
36570,,
36476,,
36728,,
36292,,
36653,,
36606,,
36479,,
36399,,
36469,,
36499,,
36586,,
36860,,
36353,,
36550,,
36424,,
36655,,
36490,,
36543,,
36541,,
36451,,
36556,,
36581,,
36583,,
36395,,
36612,,
36757,,
36514,,
36503,,
36564,,
36479,,
36411,,
36552,,
36687,,
36556,,
36530,,
36458,,
36696,,
36760,,
36643,,
36566,,
36629,,
36382,,
36382,,
36494,,
36395,,
36538,,
36443,,
36503,,
36555,,
36397,,
36731,,
36524,,
36553,,
36552,,
36468,,
36469,,
36342,,
36501,,
36563,,
36428,,
36749,,
36574,,
36587,,
36520,,
36606,,
36622,,
36618,,
36479,,
36580,,
36527,,
36533,,
36738,,
36731,,
36582,,
36433,,
36406,,
36450,,
36452,,
36624,,
36320,,
36361,,
36668,,
36636,,
36476,,
36235,,
36560,,
36663,,
36225,,
36302,,
36606,,
36667,,
36507,,
36411,,
36741,,
36588,,
36447,,
36430,,
36577,,
36548,,
36576,,
36619,,
36376,,
36492,,
36398,,
36406,,
36456,,
36480,,
36673,,
36494,,
36550,,
36485,,
36559,,
36430,,
36461,,
36435,,
36657,,
36615,,
36523,,
36563,,
36685,,
36543,,
36542,,
36519,,
36431,,
36578,,
36486,,
36611,,
36654,,
36596,,
36618,,
36634,,
36563,,
36646,,
36520,,
36506,,
36437,,
36350,,
36447,,
36579,,
36770,,
36629,,
36626,,
36370,,
36584,,
36556,,
36614,,
36324,,
36570,,
36642,,
36680,,
36451,,
36633,,
36414,,
36468,,
36424,,
36490,,
36571,,
36336,,
36460,,
36600,,
36421,,
36659,,
36454,,
36573,,
36603,,
36765,,
36645,,
36534,,
36559,,
36451,,
36583,,
36599,,
36554,,
36311,,
36665,,
36429,,
36476,,
36444,,
36604,,
36701,,
36806,,
36552,,
36680,,
36678,,
36624,,
36535,,
36482,,
36625,,
36633,,
36702,,
36630,,
36707,,
36408,,
36656,,
36379,,
36503,,
36547,,
36430,,
36399,,
36560,,
36533,,
36574,,
36574,,
36632,,
36529,,
36570,,
36508,,
36663,,
36432,,
36546,,
36488,,
36466,,
36577,,
36583,,
36599,,
36482,,
36404,,
36649,,
36538,,
36542,,
36550,,
36538,,
36414,,
36614,,
36622,,
36542,,
36564,,
36676,,
36491,,
36710,,
36639,,
36539,,
36692,,
36550,,
36488,,
36614,,
36434,,
36453,,
36507,,
36310,,
36639,,
36557,,
36518,,
36208,,
36321,,
36718,,
36585,,
36479,,
36648,,
36512,,
36644,,
36435,,
36629,,
36549,,
36507,,
36515,,
36609,,
36441,,
36488,,
36667,,
36435,,
36513,,
36596,,
36546,,
36544,,
36383,,
36598,,
36431,,
36716,,
36430,,
36709,,
36492,,
36518,,
36453,,
36483,,
36500,,
36464,,
36598,,
36351,,
36735,,
36645,,
36549,,
36723,,
36470,,
36679,,
36458,,
36575,,
36648,,
36494,,
36580,,
36429,,
36489,,
36473,,
36424,,
36474,,
36494,,
36398,,
36597,,
36585,,
36700,,
36545,,
36658,,
36470,,
36545,,
36437,,
36404,,
36492,,
36600,,
36416,,
36626,,
36582,,
36525,,
36669,,
36531,,
36567,,
36534,,
36596,,
36661,,
36764,,
36417,,
36571,,
36473,,
36474,,
36488,,
36656,,
36585,,
36227,,
36585,,
36707,,
36567,,
36363,,
36553,,
36504,,
36532,,
36589,,
36550,,
36612,,
36493,,
36528,,
36420,,
36389,,
36551,,
36603,,
36591,,
36611,,
36443,,
36392,,
36368,,
36499,,
36608,,
36707,,
36492,,
36658,,
36613,,
36472,,
36575,,
36483,,
36689,,
36407,,
36659,,
36596,,
36728,,
36539,,
36590,,
36428,,
36612,,
36513,,
36497,,
36294,,
36528,,
36582,,
36634,,
36459,,
36432,,
36523,,
36575,,
36642,,
36800,,
36533,,
36749,,
36539,,
36541,,
36317,,
36465,,
36490,,
36442,,
36615,,
36510,,
36560,,
36539,,
36756,,
36579,,
36602,,
36638,,
36681,,
36460,,
36610,,
36582,,
36503,,
36577,,
36666,,
36719,,
36505,,
36349,,
36566,,
36480,,
36674,,
36855,,
36504,,
36446,,
36665,,
36787,,
36440,,
36567,,
36808,,
36650,,
36539,,
36761,,
36569,,
36553,,
36625,,
36611,,
36572,,
36352,,
36360,,
36538,,
36559,,
36458,,
36477,,
36487,,
36515,,
36513,,
36402,,
36742,,
36377,,
36640,,
36595,,
36568,,
36566,,
36693,,
36422,,
36652,,
36414,,
36561,,
36541,,
36203,,
36426,,
36461,,
36564,,
36459,,
36599,,
36636,,
36523,,
36628,,
36543,,
36509,,
36282,,
36415,,
36547,,
36585,,
36701,,
36546,,
36511,,
36477,,
36643,,
36331,,
36779,,
36514,,
36632,,
36451,,
36392,,
36774,,
36399,,
36640,,
36530,,
36464,,
36443,,
36589,,
36525,,
36687,,
36459,,
36578,,
36521,,
36671,,
36641,,
36590,,
36558,,
36500,,
36386,,
36369,,
36695,,
36484,,
36523,,
36483,,
36534,,
36524,,
36627,,
36520,,
36479,,
36606,,
36700,,
36422,,
36524,,
36471,,
36541,,
36584,,
36584,,
36604,,
36362,,
36538,,
36570,,
36597,,
36489,,
36366,,
36473,,
36462,,
36644,,
36540,,
36668,,
36684,,
36518,,
36538,,
36767,,
36770,,
36383,,
36494,,
36619,,
36488,,
36684,,
36484,,
36694,,
36531,,
36543,,
36544,,
36595,,
36387,,
36388,,
36422,,
36503,,
36405,,
36647,,
36355,,
36403,,
36764,,
36620,,
36763,,
36737,,
36370,,
36561,,
36477,,
36416,,
36248,,
36597,,
36459,,
36493,,
36601,,
36348,,
36488,,
36471,,
36706,,
36536,,
36483,,
36448,,
36511,,
36566,,
36445,,
36500,,
36547,,
36547,,
36454,,
36438,,
36521,,
36451,,
36401,,
36380,,
36545,,
36477,,
36641,,
36673,,
36567,,
36558,,
36489,,
36473,,
36491,,
36468,,
36586,,
36416,,
36504,,
36531,,
36435,,
36440,,
36513,,
36683,,
36468,,
36639,,
36596,,
36602,,
36546,,
36679,,
36384,,
36551,,
36583,,
36503,,
36603,,
36555,,
36498,,
36368,,
36539,,
36383,,
36478,,
36430,,
36349,,
36393,,
36578,,
36528,,
36541,,
36411,,
36515,,
36597,,
36511,,
36321,,
36418,,
36509,,
36458,,
36386,,
36634,,
36772,,
36540,,
36543,,
36522,,
36622,,
36626,,
36492,,
36540,,
36630,,
36427,,
36448,,
36650,,
36374,,
36597,,
36634,,
36259,,
36590,,
36548,,
36586,,
36556,,
36316,,
36611,,
36458,,
36552,,
36590,,
36479,,
36451,,
36471,,
36659,,
36518,,
36389,,
36507,,
36539,,
36709,,
36317,,
36647,,
36522,,
36477,,
36596,,
36587,,
36549,,
36476,,
36804,,
36751,,
36599,,
36462,,
36677,,
36697,,
36500,,
36558,,
36434,,
36379,,
36394,,
36489,,
36452,,
36529,,
36546,,
36486,,
36561,,
36512,,
36512,,
36457,,
36597,,
36405,,
36454,,
36478,,
36454,,
36632,,
36650,,
36518,,
36758,,
36463,,
36442,,
36377,,
36490,,
36469,,
36590,,
36498,,
36613,,
36730,,
36589,,
36593,,
36564,,
36555,,
36428,,
36647,,
36535,,
36442,,
36398,,
36535,,
36454,,
36481,,
36519,,
36372,,
36498,,
36632,,
36468,,
36550,,
36526,,
36585,,
36401,,
36575,,
36812,,
36712,,
36584,,
36635,,
36562,,
36487,,
36466,,
36562,,
36403,,
36563,,
36472,,
36560,,
36435,,
36644,,
36728,,
36706,,
36643,,
36588,,
36787,,
36650,,
36482,,
36446,,
36698,,
36351,,
36536,,
36379,,
36417,,
36455,,
36617,,
36480,,
36590,,
36569,,
36469,,
36453,,
36496,,
36438,,
36561,,
36627,,
36444,,
36480,,
36695,,
36434,,
36646,,
36465,,
36473,,
36456,,
36563,,
36519,,
36380,,
36550,,
36591,,
36494,,
36608,,
36350,,
36508,,
36665,,
36561,,
36520,,
36586,,
36488,,
36515,,
36445,,
36556,,
36490,,
36532,,
36175,,
36743,,
36527,,
36554,,
36489,,
36697,,
36605,,
36449,,
36772,,
36498,,
36593,,
36465,,
36695,,
36577,,
36649,,
36524,,
36517,,
36469,,
36546,,
36533,,
36552,,
36599,,
36464,,
36416,,
36591,,
36609,,
36598,,
36702,,
36741,,
36508,,
36519,,
36452,,
36513,,
36486,,
36420,,
36464,,
36371,,
36452,,
36761,,
36557,,
36506,,
36441,,
36434,,
36536,,
36532,,
36371,,
36627,,
36700,,
36608,,
36527,,
36675,,
36598,,
36588,,
36568,,
36499,,
36528,,
36523,,
36613,,
36422,,
36510,,
36660,,
36571,,
36442,,
36488,,
36581,,
36459,,
36628,,
36653,,
36488,,
36512,,
36375,,
36784,,
36629,,
36537,,
36535,,
36582,,
36469,,
36610,,
36452,,
36569,,
36515,,
36604,,
36505,,
36499,,
36378,,
36718,,
36444,,
36602,,
36421,,
36343,,
36453,,
36613,,
36459,,
36491,,
36696,,
36397,,
36607,,
36587,,
36458,,
36485,,
36673,,
36403,,
36455,,
36596,,
36618,,
36422,,
36485,,
36587,,
36654,,
36309,,
36362,,
36558,,
36682,,
36415,,
36351,,
36600,,
36640,,
36516,,
36542,,
36595,,
36386,,
36414,,
36511,,
36561,,
36487,,
36284,,
36695,,
36572,,
36472,,
36496,,
36350,,
36526,,
36544,,
36583,,
36686,,
36589,,
36576,,
36569,,
36478,,
36489,,
36715,,
36569,,
36581,,
36448,,
36556,,
36429,,
36534,,
36310,,
36405,,
36581,,
36490,,
36632,,
36591,,
36700,,
36645,,
36325,,
36334,,
36614,,
36524,,
36715,,
36489,,
36471,,
36376,,
36523,,
36544,,
36558,,
36630,,
36552,,
36690,,
36408,,
36668,,
36669,,
36572,,
36733,,
36648,,
36502,,
36680,,
36450,,
36510,,
36629,,
36774,,
36420,,
36625,,
36488,,
36441,,
36506,,
36534,,
36489,,
36607,,
36481,,
36499,,
36457,,
36441,,
36421,,
36599,,
36238,,
36374,,
36468,,
36494,,
36773,,
36533,,
36740,,
36537,,
36452,,
36649,,
36640,,
36575,,
36324,,
36520,,
36599,,
36615,,
36511,,
36775,,
36609,,
36656,,
36526,,
36527,,
36560,,
36681,,
36536,,
36325,,
36643,,
36461,,
36498,,
36492,,
36482,,
36451,,
36732,,
36548,,
36645,,
36571,,
36594,,
36707,,
36331,,
36546,,
36331,,
36605,,
36651,,
36357,,
36356,,
36387,,
36538,,
36532,,
36581,,
36469,,
36549,,
36653,,
36427,,
36776,,
36471,,
36415,,
36479,,
36466,,
36579,,
36492,,
36548,,
36643,,
36490,,
36596,,
36505,,
36472,,
36536,,
36514,,
36452,,
36454,,
36623,,
36371,,
36548,,
36549,,
36563,,
36402,,
36579,,
36419,,
36607,,
36536,,
36462,,
36575,,
36490,,
36732,,
36647,,
36488,,
36417,,
36629,,
36559,,
36497,,
36477,,
36645,,
36563,,
36543,,
36679,,
36532,,
36565,,
36373,,
36560,,
36561,,
36411,,
36647,,
36651,,
36486,,
36509,,
36346,,
36489,,
36473,,
36431,,
36717,,
36532,,
36633,,
36550,,
36471,,
36704,,
36663,,
36441,,
36614,,
36503,,
36439,,
36474,,
36681,,
36636,,
36371,,
36579,,
36453,,
36510,,
36532,,
36361,,
36473,,
36485,,
36656,,
36505,,
36542,,
36315,,
36321,,
36484,,
36570,,
36368,,
36539,,
36525,,
36557,,
36272,,
36469,,
36416,,
36371,,
36445,,
36450,,
36584,,
36705,,
36737,,
36572,,
36610,,
36467,,
36504,,
36546,,
36438,,
36681,,
36613,,
36676,,
36565,,
36436,,
36363,,
36556,,
36633,,
36625,,
36303,,
36656,,
36661,,
36440,,
36534,,
36659,,
36483,,
36644,,
36480,,
36597,,
36520,,
36548,,
36495,,
36539,,
36416,,
36365,,
36503,,
36588,,
36395,,
36619,,
36528,,
36724,,
36356,,
36512,,
36574,,
36586,,
36741,,
36480,,
36340,,
36700,,
36644,,
36790,,
36466,,
36548,,
36614,,
36484,,
36498,,
36581,,
36398,,
36575,,
36405,,
36564,,
36456,,
36551,,
36531,,
36595,,
36623,,
36581,,
36463,,
36515,,
36616,,
36492,,
36507,,
36707,,
36315,,
36662,,
36617,,
36606,,
36531,,
36759,,
36485,,
36483,,
36394,,
36419,,
36408,,
36563,,
36324,,
36573,,
36474,,
36541,,
36412,,
36577,,
36485,,
36406,,
36657,,
36361,,
36513,,
36610,,
36352,,
36576,,
36612,,
36495,,
36622,,
36520,,
36620,,
36464,,
36524,,
36697,,
36536,,
36470,,
36494,,
36425,,
36396,,
36631,,
36700,,
36567,,
36531,,
36446,,
36407,,
36779,,
36552,,
36323,,
36518,,
36500,,
36467,,
36528,,
36470,,
36579,,
36585,,
36465,,
36494,,
36656,,
36619,,
36674,,
36504,,
36451,,
36669,,
36450,,
36506,,
36670,,
36595,,
36319,,
36392,,
36620,,
36501,,
36648,,
36592,,
36506,,
36577,,
36384,,
36243,,
36545,,
36568,,
36465,,
36599,,
36552,,
36465,,
36792,,
36774,,
36552,,
36702,,
36552,,
36539,,
36403,,
36481,,
36492,,
36697,,
36376,,
36503,,
36571,,
36602,,
36654,,
36650,,
36735,,
36544,,
36570,,
36610,,
36406,,
36482,,
36438,,
36571,,
36265,,
36588,,
36344,,
36463,,
36445,,
36576,,
36731,,
36533,,
36476,,
36747,,
36283,,
36523,,
36551,,
36473,,
36714,,
36458,,
36485,,
36507,,
36556,,
36654,,
36493,,
36553,,
36529,,
36457,,
36584,,
36421,,
36387,,
36278,,
36427,,
36515,,
36652,,
36282,,
36335,,
36488,,
36558,,
36409,,
36660,,
36471,,
36580,,
36459,,
36691,,
36621,,
36779,,
36733,,
36607,,
36547,,
36550,,
36484,,
36542,,
36471,,
36448,,
36366,,
36530,,
36397,,
36427,,
36411,,
36595,,
36736,,
36354,,
36500,,
36648,,
36712,,
36348,,
36419,,
36629,,
36678,,
36576,,
36547,,
36643,,
36584,,
36511,,
36591,,
36393,,
36515,,
36395,,
36625,,
36469,,
36423,,
36466,,
36618,,
36353,,
36510,,
36606,,
36597,,
36627,,
36588,,
36498,,
36469,,
36644,,
36512,,
36745,,
36661,,
36695,,
36658,,
36343,,
36561,,
36594,,
36524,,
36547,,
36439,,
36459,,
36672,,
36564,,
36534,,
36646,,
36696,,
36518,,
36527,,
36449,,
36468,,
36346,,
36451,,
36414,,
36650,,
36519,,
36511,,
36763,,
36364,,
36443,,
36458,,
36531,,
36618,,
36682,,
36592,,
36623,,
36527,,
36537,,
36512,,
36550,,
36557,,
36327,,
36781,,
36479,,
36415,,
36424,,
36601,,
36555,,
36432,,
36712,,
36520,,
36730,,
36491,,
36571,,
36540,,
36468,,
36460,,
36451,,
36503,,
36489,,
36627,,
36293,,
36612,,
36394,,
36571,,
36713,,
36560,,
36447,,
36616,,
36422,,
36467,,
36624,,
36501,,
36569,,
36831,,
36442,,
36711,,
36512,,
36482,,
36481,,
36740,,
36553,,
36239,,
36472,,
36411,,
36658,,
36423,,
36477,,
36550,,
36585,,
36575,,
36512,,
36754,,
36716,,
36503,,
36441,,
36531,,
36463,,
36465,,
36535,,
36504,,
36172,,
36497,,
36395,,
36417,,
36396,,
36351,,
36277,,
36404,,
36588,,
36615,,
36540,,
36498,,
36551,,
36530,,
36465,,
36535,,
36612,,
36537,,
36553,,
36529,,
36436,,
36566,,
36394,,
36505,,
36761,,
36520,,
36625,,
36502,,
36468,,
36428,,
36628,,
36441,,
36601,,
36404,,
36704,,
36529,,
36443,,
36579,,
36558,,