I,K,id,gamma, misplace_lb,misplace_ub,misplace,gap,bound_sort,true_sort,i_misplace,i_ub,i_gap,i_percent,i_b_sort,i_true_sort,misplace_lb1,misplace_ub1,misplace1,gap1,bound_sort1,true_sort1,i_misplace1,i_ub1,i_gap1,i_percent1,i_b_sort1,i_true_sort1,misplace_lb2,misplace_ub2,misplace2,gap2,bound_sort2,true_sort2,i_misplace2,i_ub2,i_gap2,i_percent2,i_b_sort2,i_true_sort2
20,4,0,39,358,754,754,0,2,2,561.5,561.5,0,0.255305,2,2,358,260,260,0,2,2,179,179,0,0.311538,2,2,0,494,494,0,2,2,382.5,382.5,0,0.225709,2,2
20,4,1,42,380,937,937,0,0,0,570,570,0,0.391676,0,0,380,319,319,0,0,0,190,190,0,0.404389,0,0,0,618,618,0,0,0,380,380,0,0.385113,1,1
20,4,2,14,332,713,713,0,1,1,498,498,0,0.301543,1,1,332,224,224,0,1,1,166,166,0,0.258929,1,1,0,489,489,0,1,1,332,332,0,0.321063,0,0
20,4,3,12,526,1429,1429,0,3,3,809.5,809.5,0,0.43352,3,3,526,445,445,0,3,3,263,263,0,0.408989,3,3,0,984,984,0,4,4,546.5,546.5,0,0.444614,3,3
20,4,4,49,582,1480,1480,0,4,4,1151,1151,0,0.222297,4,4,582,503,503,0,4,4,291,291,0,0.421471,4,4,0,977,977,0,3,3,860,860,0,0.119754,4,4
20,6,0,65,858,3256,3224,0.00992556,2,2,2396,2396,0,0.256824,2,2,858,1173,1173,0,4,4,858,858,0,0.268542,2,2,0,2083,2051,0.0156021,2,2,1538,1538,0,0.250122,2,2
20,6,1,45,901,3350,3255,0.0291859,4,4,2676,2676,0,0.17788,4,4,901,1312,1217,0.0780608,2,2,901,901,1.26E-16,0.259655,4,4,0,2038,2038,0,4,4,1775,1775,0,0.129048,4,4
20,6,2,20,296,1275,1275,0,3,3,760,760,0,0.403922,3,3,296,513,513,0,3,3,296,296,0,0.423002,3,3,0,762,762,0,3,3,464,464,0,0.391076,3,3
20,6,3,40,721,2572,2572,0,0,0,1791.67,1791.67,0,0.303396,0,0,721,1135,1135,0,0,0,721,721,0,0.364758,0,0,0,1437,1437,0,1,1,1070.67,1070.67,0,0.254929,0,0
20,6,4,24,407,1322,1322,0,1,1,943.667,943.667,0,0.286183,1,1,407,461,461,0,1,1,407,407,1.40E-16,0.117137,1,1,0,861,861,0,0,0,536.667,536.667,0,0.376694,1,1
20,8,0,70,873,4405,3939,0.118304,3,3,3433.5,3433.5,0,0.128332,3,3,873,1867,1824,0.0235746,3,3,1309.5,1309.5,0,0.282072,3,3,0,2538,2115,0.2,3,3,2124,2124,0,-0.00425532,3,3
20,8,1,12,884,4500,3923,0.147081,4,4,3456.5,3473,0.00477361,0.118914,4,4,884,2110,1703,0.23899,4,2,1326,1326,0,0.221374,4,4,0,2390,2220,0.0765766,4,4,2130.5,2147,0.00774466,0.0403153,4,4
20,8,2,0,1048,5443,4850,0.122268,0,1,4163.5,4163.5,0,0.141546,0,0,1048,2065,1599,0.291432,0,4,1572,1572,0,0.0168856,0,0,0,3378,3251,0.0390649,1,0,2591.5,2591.5,0,0.202861,0,0
20,8,3,61,378,2047,2047,0,1,0,1131.75,1131.75,0,0.447118,1,1,378,848,848,0,2,1,567,567,0,0.331368,1,1,0,1199,1199,0,0,1,564.75,564.75,0,0.528982,1,1
20,8,4,26,659,3611,3611,0,2,2,2044.5,2044.5,0,0.433813,2,2,659,1664,1664,0,1,0,988.5,988.5,0,0.40595,2,2,0,1947,1947,0,2,2,1056,1056,0,0.457627,2,2
20,10,0,56,1209,6460,5921,0.0910319,4,4,5578.4,5701,0.0219776,0.0578618,4,4,1209,2995,2627,0.140084,4,4,2418,2418,0,0.0795584,4,4,0,3465,3294,0.0519126,4,4,3160.4,3283,0.0387926,0.0405586,4,4
20,10,1,47,967,6212,6041,0.0283066,3,3,4503,4503,0,0.254594,3,3,967,2587,2446,0.0576451,3,3,1934,1934,-1.18E-16,0.209321,3,3,0,3625,3595,0.00834492,3,3,2569,2569,0,0.285396,3,3
20,10,2,8,1087,6540,6305,0.037272,1,0,5373,5373,0,0.147819,1,1,1087,2601,2553,0.0188014,1,1,2174,2174,-2.09E-16,0.148453,1,1,0,3939,3752,0.0498401,0,0,3199,3199,0,0.147388,1,1
20,10,3,27,822,4283,4251,0.00752764,0,1,3101.4,3101.4,0,0.27043,2,2,822,2439,2412,0.011194,2,2,1644,1644,-1.38E-16,0.318408,2,2,0,1844,1839,0.00271887,1,1,1457.4,1457.4,0,0.207504,2,0
20,10,4,21,645,3361,3361,0,2,2,2508,2508,0,0.253794,0,0,645,1678,1678,0,0,0,1290,1290,0,0.231228,0,0,0,1683,1683,0,2,2,1218,1218,0,0.276292,0,2
20,12,0,37,890,6516,5513,0.181934,2,2,3948.5,3948.5,-2.30E-16,0.283784,2,2,890,3396,2871,0.182863,2,2,2225,2225,-4.09E-16,0.225009,2,2,0,3120,2642,0.180924,2,2,1723.5,1723.5,0,0.347653,2,2
20,12,1,9,1292,8735,7085,0.232886,0,0,5836.17,6015,0.0306423,0.176264,0,0,1292,4621,3787,0.220227,3,0,3230,3230,-1.41E-16,0.147082,0,0,0,4114,3298,0.247423,0,0,2606.17,2785,0.0686193,0.209774,0,0
20,12,2,28,665,4733,4490,0.0541203,3,4,3090.5,3090.5,0,0.311693,3,3,665,2229,2106,0.0584046,0,3,1662.5,1662.5,0,0.210589,3,3,0,2504,2384,0.0503356,4,1,1428,1428,0,0.401007,3,1
20,12,3,63,914,7657,7572,0.0112256,4,1,5005,5005,-1.82E-16,0.339012,1,1,914,3225,3221,0.00124185,4,4,2285,2285,-3.98E-16,0.290593,1,1,0,4432,4351,0.0186164,1,4,2720,2720,0,0.374856,1,3
20,12,4,1,1318,8084,6779,0.192506,1,3,6266.5,6566,0.0477938,0.0756011,4,4,1318,4066,3411,0.192026,1,1,3295,3295,0,0.0340076,4,4,0,4018,3368,0.192993,3,3,2971.5,3271,0.100791,0.117726,4,4
20,14,0,11,1323,9625,8875,0.084507,3,3,7817.43,8414.14,0.0763313,0.119163,3,3,1323,4548,4206,0.0813124,3,3,3650,3969,0.0873973,0.132192,3,3,0,5077,4669,0.0873849,3,3,4167.43,4445.14,0.0666392,0.107426,3,3
20,14,1,34,1531,9927,9261,0.0719145,4,4,8799,8956,0.0178429,0.0498866,4,4,1531,5564,4898,0.135974,0,2,4576,4593,0.00371503,0.0657411,4,4,0,4363,4363,0,4,4,4223,4363,0.0331518,0.032088,4,4
20,14,2,43,1400,10090,8770,0.150513,0,2,7974.43,8204.29,0.0288243,0.0907151,2,0,1400,4839,4051,0.19452,2,4,4119,4200,0.019665,-0.016786,0,0,0,5251,4719,0.112736,1,1,3855.43,4004.29,0.0386098,0.182999,2,2
20,14,3,16,821,6630,6245,0.0616493,1,0,4439,4439,-4.10E-16,0.289191,0,2,821,3261,3130,0.041853,4,0,2463,2463,-7.39E-16,0.213099,2,2,0,3369,3115,0.0815409,0,0,1976,1976,0,0.36565,1,0
20,14,4,24,1027,9093,7495,0.213209,2,1,5807.86,5810.29,0.000418153,0.225102,1,1,1027,4944,4168,0.18618,1,1,3081,3081,1.48E-16,0.260797,1,1,0,4149,3327,0.247069,2,2,2726.86,2729.29,0.000890612,0.180386,0,1
20,16,0,34,1693,11258,9829,0.145386,4,4,9389.75,10942.8,0.165393,0.0446892,4,4,1693,5965,5331,0.118927,4,2,5310.38,5669.12,0.0675564,0.00386888,4,4,0,5293,4498,0.176745,4,4,4079.38,5273.62,0.292753,0.0930691,4,4
20,16,1,8,2154,12088,11499,0.0512218,2,2,11430,11804.5,0.0327647,0.00600052,2,2,2154,6461,5872,0.100307,2,4,5927.5,6177.5,0.0421763,-0.00945163,2,2,0,5627,5627,0,0,0,5502.5,5627,0.0226261,0.0221255,2,2
20,16,2,66,1331,11030,9443,0.168061,0,0,8286.12,8487.25,0.0242725,0.122511,0,0,1331,5728,4769,0.20109,0,0,4658.5,4658.5,0,0.0231705,0,0,0,5302,4674,0.13436,2,2,3627.62,3828.75,0.0554426,0.223871,0,0
20,16,3,54,1968,12598,11013,0.143921,1,3,10829.8,12099,0.1172,0.0166394,1,3,1968,6232,5653,0.102423,3,3,6045.38,6045.38,0,-0.06941,3,1,0,6366,5360,0.187687,1,3,4784.38,6053.62,0.265291,0.107393,1,3
20,16,4,30,1129,9858,8756,0.125857,3,1,6891.5,6891.5,0,0.21294,3,1,1129,5248,4896,0.0718954,1,1,3951.5,3951.5,0,0.192913,1,3,0,4610,3860,0.194301,3,1,2940,2940,0,0.238342,3,1
40,4,0,13,1206,3214,3214,0,1,1,2061,2061,0,0.358743,1,1,1206,1004,1004,0,1,1,603,603,0,0.399402,1,1,0,2210,2210,0,1,1,1458,1458,0,0.340271,1,1
40,4,1,10,244,411,411,0,3,3,366,366,0,0.109489,3,3,244,167,167,0,3,3,122,122,0,0.269461,3,3,0,244,244,0,3,3,244,244,0,0,3,3
40,4,2,25,657,1553,1553,0,2,2,985.5,985.5,0,0.365422,2,2,657,490,490,0,2,2,328.5,328.5,0,0.329592,2,2,0,1063,1063,0,2,2,657,657,0,0.381938,2,2
40,4,3,24,541,838,838,0,4,4,811.5,811.5,0,0.0316229,0,0,541,297,297,0,4,4,270.5,270.5,0,0.0892256,0,0,0,541,541,0,0,0,541,541,0,0,4,4
40,4,4,38,1349,3062,3062,0,0,0,2099.5,2099.5,0,0.314337,4,4,1349,743,743,0,0,0,674.5,674.5,0,0.0921938,4,4,0,2319,2319,0,4,4,1425,1425,0,0.385511,0,0
40,6,0,68,1227,4145,4145,0,3,3,2979.33,2979.33,0,0.281222,3,3,1227,1898,1898,0,3,3,1227,1227,0,0.35353,3,3,0,2247,2247,0,3,3,1752.33,1752.33,0,0.220145,3,3
40,6,1,38,1348,5461,5461,0,2,2,3613,3613,0,0.3384,2,2,1348,2122,2122,0,2,2,1348,1348,0,0.36475,2,2,0,3339,3339,0,2,2,2265,2265,0,0.321653,2,2
40,6,2,44,845,2705,2705,0,0,0,1867,1867,0,0.309797,0,0,845,1275,1275,0,4,4,845,845,-1.35E-16,0.337255,0,0,0,1430,1430,0,0,0,1022,1022,0,0.285315,0,0
40,6,3,3,652,2270,2270,0,4,4,1377,1377,0,0.393392,4,4,652,947,947,0,0,0,652,652,0,0.31151,4,4,0,1323,1323,0,4,4,725,725,0,0.452003,4,4
40,6,4,48,1327,4743,4743,0,1,1,3204.33,3204.33,0,0.324408,1,1,1327,1879,1879,0,1,1,1327,1327,0,0.293773,1,1,0,2864,2864,0,1,1,1877.33,1877.33,0,0.344507,1,1
40,8,0,33,1380,8031,7417,0.0827828,3,3,5086.5,5086.5,0,0.314211,3,3,1380,3132,3132,0,3,3,2070,2070,0,0.33908,3,3,0,4899,4285,0.143291,3,3,3016.5,3016.5,0,0.296033,3,3
40,8,1,25,3154,12197,11248,0.0843706,0,0,11145.5,11572,0.0382666,0.00911273,0,0,3154,5356,4407,0.215339,0,0,4644,4731,0.0187339,-0.0537781,0,0,0,6841,6841,0,0,0,6501.5,6841,0.0522187,0.0496272,0,0
40,8,2,23,2610,12821,11293,0.135305,4,4,10140.2,10354.5,0.0211287,0.102077,4,4,2610,6037,4509,0.338878,4,1,3915,3915,0,0.131737,2,2,0,6784,6784,0,4,4,6225.25,6439.5,0.0344163,0.0823629,4,4
40,8,3,15,1296,5336,5336,0,1,1,4041,4041,0,0.242691,2,2,1296,2752,2752,0,1,4,1944,1944,0,0.293605,4,4,0,2584,2584,0,2,2,2097,2097,0,0.188467,2,2
40,8,4,64,2620,11187,10520,0.063403,2,2,9879.5,10005,0.0127031,0.060884,1,1,2620,5112,4445,0.150056,2,2,3930,3930,0,0.115861,1,1,0,6075,6075,0,1,1,5949.5,6075,0.0210942,0.0206584,1,1
40,10,0,19,2391,12103,11969,0.0111956,2,2,10689.8,11091,0.0375311,0.106876,2,2,2391,5616,5601,0.00267809,2,2,4782,4782,-1.90E-16,0.146224,2,2,0,6487,6368,0.0186872,2,2,5907.8,6309,0.0679102,0.0722676,2,2
40,10,1,61,2047,12099,11341,0.0668371,3,3,9239.4,9277,0.00406953,0.18531,3,3,2047,5564,4937,0.127,3,3,4094,4094,0,0.170751,3,3,0,6535,6404,0.020456,3,3,5145.4,5183,0.0073075,0.196533,3,3
40,10,2,5,802,4333,4333,0,1,1,2690,2690,-1.69E-16,0.379183,1,1,802,2509,2509,0,1,1,1604,1604,-1.42E-16,0.360701,1,1,0,1824,1824,0,0,0,1086,1086,0,0.404605,1,1
40,10,3,40,1642,9728,9473,0.0269186,0,0,6801.6,6801.6,2.67E-16,0.282001,4,4,1642,4731,4653,0.0167634,0,4,3284,3284,0,0.294219,4,4,0,4997,4820,0.036722,1,1,3517.6,3517.6,2.59E-16,0.270207,4,0
40,10,4,63,2149,13350,12044,0.108436,4,4,10466.8,10467,1.91E-05,0.130953,0,0,2149,6565,5426,0.209915,4,0,4298,4298,0,0.207888,0,0,0,6785,6618,0.0252342,4,4,6168.8,6169,3.24E-05,0.0678755,0,4
40,12,0,46,2729,17303,15838,0.0924991,1,1,12955.3,13107.5,0.0117455,0.18201,1,1,2729,8231,7635,0.0780616,1,1,6822.5,6822.5,1.33E-16,0.106418,1,1,0,9072,8203,0.105937,1,1,6132.83,6285,0.0248118,0.252367,1,1
40,12,1,59,1972,14441,12683,0.138611,3,3,10030,10298.3,0.0267531,0.209178,3,3,1972,6063,5271,0.150256,3,3,4661.67,4930,0.0575617,0.115601,4,4,0,8378,7412,0.130329,3,3,5368.33,5368.33,0,0.275724,3,3
40,12,2,64,3332,16909,15871,0.0654023,2,0,16038.2,16450.5,0.0257095,-0.0105328,0,0,3332,8141,7199,0.130852,2,2,7571.5,7682.5,0.0146602,-0.0517433,3,3,0,8768,8672,0.0110701,2,0,8466.67,8768,0.0355906,0.0236777,0,0
40,12,3,65,2506,16289,13512,0.205521,0,2,12355,12355,0,0.0856276,4,4,2506,7682,6100,0.259344,0,0,6265,6265,0,-0.0270492,0,0,0,8607,7412,0.161225,0,2,6090,6090,0,0.178359,4,4
40,12,4,26,2430,19087,17665,0.0804982,4,4,14080,14080,0,0.202944,2,2,2430,8925,7961,0.12109,4,4,6075,6075,0,0.236905,2,2,0,10162,9704,0.047197,4,4,8005,8005,0,0.175082,2,2
40,14,0,48,2331,20224,17219,0.174517,3,3,14491.5,14890.2,0.0275104,0.158401,3,3,2331,11965,9619,0.243892,3,3,8158.5,8158.5,0,0.151835,3,3,0,8259,7600,0.0867105,0,0,6333,6731.67,0.0629507,0.166711,3,3
40,14,1,67,2228,20040,17104,0.171656,2,1,12639.7,12639.7,0,0.261008,1,1,2228,10579,9278,0.140224,2,2,6684,6684,1.36E-16,0.279586,1,1,0,9461,7826,0.208919,3,1,5955.71,5955.71,-1.53E-16,0.238984,1,1
40,14,2,19,2753,20021,17943,0.115811,1,0,16975.4,17951,0.0574696,0.0539247,0,0,2753,9673,8419,0.148949,1,1,8220.57,8259,0.00467468,0.0235691,0,0,0,10348,9524,0.0865183,1,3,8754.86,9692,0.107043,0.0807584,0,0
40,14,3,16,1863,16045,15456,0.0381082,0,2,10645.4,10645.4,1.71E-16,0.311243,2,2,1863,7541,6967,0.0823884,4,0,5589,5589,1.63E-16,0.19779,2,2,0,8504,8489,0.00176699,2,2,5056.43,5056.43,1.80E-16,0.404355,2,2
40,14,4,56,3857,23587,21978,0.0732096,4,4,21907.9,23011.4,0.0503733,0.0031915,4,4,3857,11571,9962,0.161514,0,4,10315.3,10995.4,0.0659354,-0.0354633,4,4,0,12016,12016,0,4,4,11592.6,12016,0.0365259,0.0352387,4,4
40,16,0,50,3202,25606,23736,0.0787833,3,3,21393.5,22948,0.0726623,0.0986898,3,3,3202,13865,12337,0.123855,3,3,10630.2,11207,0.0542555,0.138344,3,3,0,11741,11399,0.0300026,4,3,10763.2,11741,0.0908415,0.0557724,3,3
40,16,1,68,3405,25850,23451,0.102298,4,4,22284.9,24177.5,0.0849287,0.049726,4,4,3405,13590,12160,0.117599,2,4,11452.1,11917.5,0.0406366,0.0582134,4,4,0,12260,11291,0.0858206,3,4,10832.8,12260,0.131753,0.0405854,4,4
40,16,2,5,3546,25509,23928,0.0660732,2,1,21755.2,24598.9,0.13071,0.0908037,0,0,3546,12683,11301,0.12229,4,2,11404.2,12166.9,0.066872,-0.00913636,0,0,0,12826,12627,0.0157599,0,1,10351,12432,0.201043,0.180249,0,2
40,16,3,18,2258,22894,19890,0.151031,0,0,14259.2,14259.2,0,0.283095,1,2,2258,11402,9804,0.162995,1,1,7903,7903,0,0.1939,1,2,0,11492,10086,0.139401,1,0,6356.25,6356.25,0,0.369795,1,0
40,16,4,31,3169,24486,21342,0.147315,1,2,19523.2,22499.5,0.152446,0.0852193,2,1,3169,13078,11104,0.177774,0,0,10500.6,11091.5,0.0562705,0.0543385,2,1,0,11408,10238,0.11428,2,2,9022.62,11408,0.264377,0.118712,2,1
60,4,0,48,770,1230,1230,0,0,0,1155,1155,0,0.0609756,0,0,770,441,441,0,0,0,385,385,0,0.126984,0,0,0,789,789,0,0,0,770,770,0,0.0240811,0,0
60,4,1,8,1682,4368,4368,0,2,2,3034,3034,0,0.305403,2,2,1682,1049,1049,0,1,1,841,841,0,0.198284,1,1,0,3319,3319,0,2,2,2193,2193,0,0.339259,2,2
60,4,2,31,1689,3917,3917,0,1,1,2533.5,2533.5,0,0.353204,1,1,1689,1217,1217,0,2,2,844.5,844.5,0,0.306081,2,2,0,2700,2700,0,1,1,1689,1689,0,0.374444,1,1
60,4,3,56,2476,4771,4771,0,3,3,4235,4235,0,0.112345,3,3,2476,1300,1300,0,3,3,1238,1238,0,0.0476923,3,3,0,3471,3471,0,3,3,2997,2997,0,0.13656,3,3
60,4,4,69,3115,6155,6155,0,4,4,5893,5893,0,0.042567,4,4,3115,1559,1559,0,4,4,1557.5,1557.5,0,0.000962155,4,4,0,4596,4596,0,4,4,4335.5,4335.5,0,0.0566797,4,4
60,6,0,53,1767,6715,6715,0,2,2,4752,4752,0,0.292331,2,2,1767,2720,2720,0,2,2,1767,1767,0,0.350368,2,2,0,3995,3995,0,2,2,2985,2985,0,0.252816,2,2
60,6,1,50,2461,9424,9424,0,3,3,6755,6755,0,0.283213,3,3,2461,3597,3597,0,3,3,2461,2461,0,0.315819,3,3,0,5827,5827,0,3,3,4294,4294,0,0.263086,3,3
60,6,2,68,728,1747,1747,0,4,4,1456,1456,0,0.166571,4,4,728,961,961,0,4,4,728,728,0,0.242456,4,4,0,786,786,0,4,4,728,728,0,0.0737913,4,4
60,6,3,12,1422,4857,4857,0,0,0,3504,3504,0,0.278567,0,0,1422,1976,1976,0,0,0,1422,1422,0,0.280364,0,0,0,2881,2881,0,0,0,2082,2082,0,0.277334,0,0
60,6,4,7,1423,5580,5580,0,1,1,3548,3548,0,0.364158,1,1,1423,2035,2035,0,1,1,1423,1423,0,0.300737,1,1,0,3545,3545,0,1,1,2125,2125,0,0.400564,1,1
60,8,0,3,2081,9095,8308,0.094728,0,0,6324,6324,0,0.238806,0,0,2081,4198,3666,0.145117,0,0,3121.5,3121.5,0,0.148527,0,0,0,4897,4642,0.0549332,0,0,3202.5,3202.5,0,0.310103,0,0
60,8,1,52,2674,14242,12991,0.0962974,4,1,10552,10552,0,0.187745,1,1,2674,6041,5800,0.0415517,2,2,4011,4011,0,0.308448,1,1,0,8201,7191,0.140453,4,1,6541,6541,0,0.0903908,1,1
60,8,2,25,2932,14421,13691,0.0533197,1,4,11681.5,11681.5,0,0.146775,2,2,2932,5869,5180,0.133012,1,1,4398,4398,0,0.150965,2,2,0,8552,8511,0.0048173,1,4,7283.5,7283.5,0,0.144225,2,2
60,8,3,30,4806,18587,16701,0.112927,2,2,16219.2,16679,0.0283459,0.0288456,4,4,4806,9117,7231,0.260821,4,4,7209,7209,0,0.00304246,4,4,0,9470,9470,0,2,2,9010.25,9470,0.0510252,0.048548,4,4
60,8,4,68,3092,13576,13304,0.020445,3,3,11931,12006,0.00628615,0.103202,3,3,3092,6208,5936,0.0458221,3,3,4638,4638,0,0.218666,3,3,0,7368,7368,0,3,3,7293,7368,0.0102838,0.0101792,3,3
60,10,0,48,4457,22352,21106,0.0590353,3,3,19617.4,20016,0.0203187,0.0705297,3,3,4457,11250,10004,0.12455,3,3,8556,8914,0.041842,0.144742,3,3,0,11102,11102,0,3,3,11061.4,11102,0.00367042,0.003657,3,3
60,10,1,19,3065,19380,17895,0.0829841,4,4,15021,15209,0.0125158,0.160604,4,4,3065,9259,7985,0.159549,4,4,6130,6130,0,0.232311,1,1,0,10121,9910,0.0212916,1,1,8891,9079,0.021145,0.102825,4,4
60,10,2,25,3415,20934,19458,0.0758557,1,1,15265.6,15439,0.0113589,0.215459,1,1,3415,10001,8576,0.166161,1,1,6830,6830,0,0.203591,4,4,0,10933,10882,0.00468664,4,4,8435.6,8609,0.0205557,0.224812,2,2
60,10,3,12,2537,14760,13083,0.128182,2,2,9907,9907,0,0.242758,2,2,2537,8005,6616,0.209946,2,2,5074,5074,-1.79E-16,0.233071,2,2,0,6755,6467,0.0445338,2,2,4833,4833,0,0.252667,1,1
60,10,4,3,3214,19005,17574,0.0814271,0,0,14824,14824,0,0.156481,0,0,3214,8354,7390,0.130447,0,0,6428,6428,0,0.130176,0,0,0,10651,10184,0.0458562,0,0,8396,8396,0,0.17557,0,0
60,12,0,9,3725,23461,21669,0.0826988,2,2,18539.2,19434.2,0.0482762,0.144438,2,2,3725,11467,10281,0.115358,1,1,9072.5,9312.5,0.0264536,0.117547,1,1,0,11994,11388,0.0532139,2,2,9466.67,10121.7,0.0691901,0.168716,2,2
60,12,1,9,2536,20023,19010,0.0532877,1,1,15198.5,15198.5,-1.20E-16,0.2005,1,1,2536,8416,8354,0.00742159,2,2,6340,6340,-2.87E-16,0.241082,2,2,0,11607,10656,0.0892455,3,1,8858.5,8858.5,0,0.168684,1,1
60,12,2,24,2698,19550,16820,0.162307,0,0,13503,13571.7,0.00508529,0.197206,0,0,2698,10156,8919,0.138693,0,0,6745,6745,-1.35E-16,0.243749,0,0,0,9394,7901,0.188963,1,3,6758,6826.67,0.0101608,0.144665,0,0
60,12,3,6,3935,24397,22511,0.0837813,3,4,20535.5,21028.5,0.0240072,0.0877571,3,3,3935,13206,11320,0.166608,3,4,9837.5,9837.5,-3.70E-16,0.130963,3,3,0,11191,11191,0,0,0,10698,11191,0.0460834,0.0440533,3,3
60,12,4,36,4032,25959,22292,0.164498,4,3,21631.2,22211,0.0268055,0.0296444,4,4,4032,13828,10505,0.316326,4,3,10080,10080,0,0.0404569,4,4,0,12131,11787,0.0291847,4,4,11551.2,12131,0.0501969,0.0200079,4,4
60,14,0,49,5407,32423,29340,0.105078,4,4,29710.1,31352.9,0.0552914,-0.0126156,4,4,5407,17145,14062,0.219243,4,4,15161.6,16074.9,0.0602369,-0.0781945,4,4,0,15278,15278,0,4,4,14548.6,15278,0.0501375,0.0477437,4,4
60,14,1,10,4597,32868,28023,0.172894,2,1,24814.7,26756,0.0782312,0.114488,3,3,4597,16349,14660,0.115211,1,0,13006.7,13791,0.0602985,0.112775,3,3,0,16519,13363,0.236175,2,1,11808,12965,0.0979844,0.116366,3,3
60,14,2,1,5625,31932,30139,0.059491,3,3,30380.9,31272.3,0.0293418,-0.00802472,1,1,5625,16960,15167,0.118217,3,1,15693.9,16300.3,0.0386411,-0.0347371,1,1,0,14972,14972,0,3,3,14687,14972,0.0194049,0.0190355,1,1
60,14,3,57,3453,32045,28934,0.107521,0,0,21691,21845.6,0.00712606,0.250328,2,0,3453,16774,15028,0.116183,2,3,10359,10359,1.76E-16,0.310687,0,0,0,15271,13906,0.0981591,0,2,11332,11486.6,0.0136403,0.1851,2,0
60,14,4,55,3377,24869,21090,0.179184,1,2,17022.1,17329.6,0.0180605,0.192881,0,2,3377,14235,12818,0.110548,0,2,10131,10131,0,0.209627,2,2,0,10634,8272,0.285542,1,0,6891.14,7198.57,0.0446121,0.166931,0,2
60,16,0,42,2132,17713,17708,0.000282358,0,0,10986.2,10986.2,0,0.379588,0,0,2132,10936,10931,0.000457415,0,0,7462,7462,0,0.317354,0,0,0,6777,6777,0,0,0,3524.25,3524.25,0,0.479969,0,0
60,16,1,36,3289,32744,27228,0.202586,1,1,24155,24199.9,0.00185779,0.112862,1,1,3289,16451,12635,0.302018,2,1,11511.5,11511.5,0,0.0889197,1,1,0,16293,14593,0.116494,3,1,12643.5,12688.4,0.00354925,0.133591,1,1
60,16,2,50,4054,33678,31951,0.0540515,2,2,29111,31826.5,0.0932809,0.0888861,2,2,4054,15440,13713,0.125939,1,2,13212.2,14189,0.0739276,0.0365164,2,2,0,18238,18238,0,1,3,15898.8,17637.5,0.109364,0.128262,3,3
60,16,3,38,4565,35483,32943,0.0771029,3,3,29247.2,32049.5,0.0958124,0.112186,3,3,4565,19411,17451,0.112314,4,4,15749.1,15977.5,0.0145008,0.0975231,3,3,0,16072,15492,0.0374387,2,2,13498.1,16072,0.190684,0.128704,2,2
60,16,4,48,5685,38213,35768,0.0683572,4,4,34537.2,37186.5,0.076707,0.0344092,4,4,5685,18404,16436,0.119737,3,3,17377.5,17377.5,0,-0.0572828,4,4,0,19809,19332,0.0246741,4,4,17159.8,19809,0.154387,0.112366,4,4
80,4,0,42,1879,4797,4797,0,4,4,2818.5,2818.5,0,0.412445,4,4,1879,1568,1568,0,4,4,939.5,939.5,0,0.400829,4,4,0,3229,3229,0,4,4,1879,1879,0,0.418086,4,4
80,4,1,56,2074,5330,5330,0,2,2,4111,4111,0,0.228705,0,0,2074,1723,1723,0,2,2,1037,1037,0,0.398143,3,3,0,3607,3607,0,2,2,3074,3074,0,0.147768,0,0
80,4,2,64,1711,4110,4110,0,3,3,3417,3417,0,0.168613,3,3,1711,1372,1372,0,3,3,855.5,855.5,0,0.376458,2,2,0,2738,2738,0,3,3,2561.5,2561.5,0,0.0644631,3,3
80,4,3,29,1693,4179,4179,0,0,0,2917.5,2917.5,0,0.301866,2,2,1693,1440,1440,0,0,0,846.5,846.5,0,0.412153,0,0,0,2739,2739,0,0,0,2071,2071,0,0.243885,2,2
80,4,4,38,627,1279,1279,0,1,1,940.5,940.5,0,0.26466,1,1,627,603,603,0,1,1,313.5,313.5,0,0.4801,1,1,0,676,676,0,1,1,627,627,0,0.0724852,1,1
80,6,0,32,4187,14119,13549,0.0420695,2,2,11949,11949,0,0.11809,2,2,4187,4895,4710,0.0392781,2,2,4187,4187,0,0.11104,2,2,0,9224,8839,0.043557,2,2,7762,7762,0,0.121846,2,2
80,6,1,1,2694,9017,9017,0,1,1,6477.33,6477.33,0,0.281653,1,1,2694,3772,3772,0,1,1,2694,2694,0,0.28579,3,3,0,5245,5245,0,1,1,3783.33,3783.33,0,0.278678,1,1
80,6,2,64,2601,7516,7516,0,3,3,5983,5983,0,0.203965,3,3,2601,3671,3671,0,3,3,2601,2601,0,0.291474,1,1,0,3845,3845,0,3,3,3382,3382,0,0.120416,3,3
80,6,3,45,2688,9660,9660,0,0,0,7346,7346,0,0.239545,0,0,2688,3935,3935,0,0,0,2688,2688,0,0.3169,0,0,0,5725,5725,0,0,0,4658,4658,0,0.186376,0,0
80,6,4,35,4493,15013,14758,0.0172788,4,4,12573,12573,0,0.148055,4,4,4493,5022,4767,0.0534928,4,4,4493,4493,0,0.0574785,4,4,0,9991,9991,0,4,4,8080,8080,0,0.191272,4,4
80,8,0,10,1220,4817,4817,0,0,0,3050,3050,0,0.366826,0,0,1220,3145,3145,0,0,0,1830,1830,0,0.418124,0,0,0,1672,1672,0,0,0,1220,1220,0,0.270335,0,0
80,8,1,48,1842,8161,8161,0,1,1,6166.5,6166.5,0,0.244394,1,1,1842,3560,3560,0,1,1,2763,2763,0,0.223876,1,1,0,4601,4601,0,1,1,3403.5,3403.5,0,0.26027,3,3
80,8,2,19,3238,14180,13006,0.090266,3,3,10942.5,10942.5,0,0.158658,3,3,3238,5928,5928,0,3,3,4857,4857,0,0.180668,3,3,0,8252,7078,0.165866,3,3,6085.5,6085.5,0,0.140223,1,1
80,8,3,6,2128,10495,10295,0.0194269,2,2,6422.25,6422.25,0,0.376178,2,2,2128,5071,4871,0.0410593,2,2,3192,3192,0,0.344693,2,2,0,5424,5424,0,2,2,3230.25,3230.25,0,0.404452,2,2
80,8,4,25,3999,19107,18608,0.0268164,4,4,13836,13836,0,0.256449,4,4,3999,7897,7897,0,4,4,5998.5,5998.5,0,0.240408,4,4,0,11210,10711,0.0465876,4,4,7837.5,7837.5,0,0.268276,4,4
80,10,0,56,2052,10407,10090,0.0314172,0,0,7329.6,7329.6,-1.24E-16,0.273578,0,0,2052,6051,6051,0,0,0,4104,4104,-2.22E-16,0.321765,0,0,0,4356,4039,0.0784848,0,0,3225.6,3225.6,1.41E-16,0.201386,0,0
80,10,1,3,4717,27136,24941,0.0880077,3,3,20668,20880,0.0102574,0.171324,3,3,4717,13645,11542,0.182204,3,4,9434,9434,-1.93E-16,0.182637,4,4,0,13491,13399,0.00686618,3,3,11234,11446,0.0188713,0.161579,3,3
80,10,2,49,4407,24498,23586,0.038667,2,2,20272.4,21535,0.0622817,0.14049,4,4,4407,11777,10865,0.0839393,4,2,8814,8814,-4.13E-16,0.188771,3,3,0,12721,12721,0,2,2,11458.4,12721,0.11019,0.0992532,4,4
80,10,3,40,4224,22757,21746,0.0464913,4,4,18308,18481.2,0.00946035,0.158098,1,2,4224,11168,11056,0.0101302,2,3,8448,8448,-4.31E-16,0.23589,2,2,0,11589,10690,0.0840973,1,1,9860,10033.2,0.0175659,0.0776427,1,1
80,10,4,16,3969,25696,24630,0.0432806,1,1,18675.2,18781,0.00566527,0.24177,2,1,3969,11187,10121,0.105326,1,1,7938,7938,-2.29E-16,0.21569,1,1,0,14509,14509,0,4,4,10737.2,10843,0.00985359,0.259963,2,2
80,12,0,19,4941,32421,27192,0.192299,4,4,24822.5,25307.5,0.0195387,0.0871396,4,4,4941,16342,13113,0.246244,4,4,12352.5,12352.5,0,0.0579959,4,4,0,16079,14079,0.142056,4,4,12470,12955,0.0388933,0.114284,4,4
80,12,1,52,4879,33571,30842,0.0884832,2,2,24579.2,25509.2,0.0378369,0.203062,2,2,4879,17553,14824,0.184093,2,2,12197.5,12197.5,2.98E-16,0.177179,2,2,0,16018,16018,0,2,2,12381.7,13311.7,0.0751111,0.227015,2,2
80,12,2,47,3200,23119,22238,0.0396169,0,0,15559,15559,-2.34E-16,0.300342,0,1,3200,10803,10803,0,0,0,8000,8000,-5.68E-16,0.259465,1,1,0,12316,11435,0.0770442,1,0,7559,7559,0,0.338959,0,1
80,12,3,62,6149,39245,34131,0.149834,1,1,34582.5,35676.5,0.0316345,-0.0132284,1,0,6149,18941,13827,0.369856,1,3,15227.5,15372.5,0.00952225,-0.101287,0,0,0,20304,20304,0,0,1,19355,20304,0.0490313,0.0467396,1,0
80,12,4,71,2673,16513,16201,0.0192581,3,3,11412.5,11412.5,1.59E-16,0.295568,3,3,2673,10346,10034,0.0310943,3,1,6682.5,6682.5,0,0.334014,3,3,0,6167,6167,0,3,3,4730,4730,3.85E-16,0.233014,3,3
80,14,0,15,4878,39626,34286,0.155749,3,3,27912,27943,0.00111063,0.185907,0,3,4878,23350,19516,0.196454,3,2,17042,17073,0.00181904,0.126768,1,3,0,16276,14770,0.101963,0,3,10870,10870,0,0.264049,0,0
80,14,1,24,5219,38625,33589,0.14993,2,1,30170.6,30584.9,0.0137315,0.101772,3,0,5219,19274,16453,0.171458,2,1,15657,15657,2.32E-16,0.0483802,3,1,0,19351,17136,0.12926,3,0,14513.6,14927.9,0.0285447,0.153036,3,3
80,14,2,7,6464,37831,34987,0.0812873,1,0,34642.7,36393.1,0.050528,0.00984039,1,1,6464,18549,15705,0.181089,1,3,16487.4,17111.1,0.0378297,-0.0498203,0,2,0,19282,19282,0,2,1,18155.3,19282,0.0620598,0.0584335,1,1
80,14,3,10,5235,35897,29842,0.202902,0,2,27816.9,29332.9,0.0544993,0.0678622,2,2,5235,18270,16591,0.101199,4,0,15269.9,15705,0.0284969,0.0796301,2,0,0,17627,13251,0.330239,1,2,12547,13627.9,0.0861447,0.0531281,2,2
80,14,4,6,6849,45821,43037,0.0646885,4,4,41061.3,43345,0.0556172,0.0459073,4,4,6849,23023,20239,0.137556,0,4,20414,20547,0.00651514,-0.00864667,4,4,0,22798,22798,0,4,4,20647.3,22798,0.104165,0.0943378,4,4
80,16,0,34,5991,50962,45954,0.108979,3,3,41634.1,44212.5,0.0619294,0.0940043,3,3,5991,27718,22710,0.22052,3,3,20812.5,20968.5,0.0074955,0.0835535,3,3,0,23244,23244,0,3,3,20821.6,23244,0.116339,0.104215,3,3
80,16,1,45,6474,49234,43468,0.132649,4,1,41654.9,44614.6,0.0710541,0.0417117,2,2,6474,23289,20651,0.127742,4,1,21939.9,22150.6,0.0096058,-0.0624122,0,2,0,25945,22817,0.137091,0,2,19715,22464,0.139437,0.135951,2,2
80,16,2,7,6442,50209,46571,0.0781173,1,4,37984.9,41215.8,0.0850569,0.184366,0,4,6442,25487,24122,0.0565873,1,4,20486.8,22547,0.100565,0.150703,4,0,0,24722,22449,0.101252,2,4,17498.1,18668.8,0.0669,0.220539,1,4
80,16,3,24,3688,34488,32666,0.0557766,2,0,23128,23128,0,0.291986,1,0,3688,18528,17545,0.0560274,2,0,12908,12908,0,0.264292,1,4,0,15960,15121,0.0554857,4,1,10220,10220,0,0.324119,4,1
80,16,4,37,6999,48341,43487,0.11162,0,2,40727.5,44627.5,0.0957584,0.0634557,4,1,6999,22569,21008,0.074305,0,2,21070.8,21642.2,0.0271229,-0.00298696,2,1,0,25772,22479,0.146492,1,0,19656.8,22985.2,0.169331,0.125551,0,0
100,4,0,53,3210,7639,7639,0,1,1,6104,6104,0,0.200943,1,1,3210,2446,2446,0,1,1,1605,1605,0,0.343827,1,1,0,5193,5193,0,1,1,4499,4499,0,0.133641,1,1
100,4,1,12,2303,4163,4163,0,4,4,3454.5,3454.5,0,0.17019,4,4,2303,1860,1860,0,3,3,1151.5,1151.5,0,0.380914,4,4,0,2303,2303,0,4,4,2303,2303,0,0,4,4
100,4,2,41,5238,12548,12548,0,0,0,10309.5,10309.5,0,0.178395,0,0,5238,2716,2716,0,0,0,2619,2619,0,0.0357143,0,0,0,9832,9832,0,0,0,7690.5,7690.5,0,0.217809,0,0
100,4,3,4,4165,7971,7971,0,3,3,7816,7816,0,0.0194455,3,3,4165,2110,2110,0,4,4,2082.5,2082.5,0,0.0130332,3,3,0,5861,5861,0,3,3,5733.5,5733.5,0,0.021754,3,3
100,4,4,11,2632,6755,6755,0,2,2,5005,5005,0,0.259067,2,2,2632,2609,2609,0,2,2,1316,1316,0,0.495592,2,2,0,4146,4146,0,2,2,3689,3689,0,0.110227,2,2
100,6,0,71,2454,7049,7049,0,1,1,5347.67,5347.67,0,0.241358,1,1,2454,3509,3509,0,1,1,2454,2454,0,0.300655,1,1,0,3540,3540,0,1,1,2893.67,2893.67,0,0.18258,1,1
100,6,1,62,1644,4553,4553,0,0,0,3294.33,3294.33,0,0.276448,0,0,1644,1967,1967,0,0,0,1644,1644,0,0.164209,0,0,0,2586,2586,0,0,0,1650.33,1650.33,0,0.36182,0,0
100,6,2,16,2692,11891,11891,0,3,3,6552.67,6552.67,0,0.448939,2,2,2692,4143,4143,0,4,4,2692,2692,0,0.350229,4,4,0,7748,7748,0,3,3,3860.67,3860.67,0,0.501721,3,3
100,6,3,27,2880,9079,9079,0,4,4,6646.67,6646.67,0,0.267908,3,3,2880,4030,4030,0,3,3,2880,2880,0,0.28536,2,2,0,5049,5049,0,4,4,3766.67,3766.67,0,0.253978,2,2
100,6,4,51,2621,9699,9699,0,2,2,7219,7219,0,0.255696,4,4,2621,3836,3836,0,2,2,2621,2621,0,0.316736,3,3,0,5863,5863,0,2,2,4598,4598,0,0.21576,4,4
100,8,0,28,4309,21329,19507,0.0934024,4,4,14867.2,14867.2,0,0.237851,4,4,4309,9197,8289,0.109543,4,4,6463.5,6463.5,0,0.220232,4,4,0,12132,11218,0.0814762,4,4,8403.75,8403.75,0,0.250869,4,4
100,8,1,13,3465,18456,17929,0.0293937,2,2,12343.5,12343.5,0,0.311534,2,2,3465,7963,7963,0,2,2,5197.5,5197.5,0,0.347294,2,2,0,10493,9966,0.0528798,1,1,7146,7146,0,0.282962,2,2
100,8,2,6,3343,17534,17534,0,1,1,11896,11896,0,0.321547,1,1,3343,6945,6945,0,1,1,5014.5,5014.5,0,0.27797,1,1,0,10589,10589,0,2,3,6881.5,6881.5,0,0.350127,1,1
100,8,3,4,3837,20074,19108,0.0505547,3,3,13418.2,13418.2,0,0.297768,3,3,3837,8620,8620,0,3,0,5755.5,5755.5,0,0.332309,3,3,0,11454,10488,0.0921053,3,2,7662.75,7662.75,0,0.269379,3,3
100,8,4,50,2717,10075,10075,0,0,0,7671.5,7671.5,0,0.238561,0,0,2717,5018,5018,0,0,3,4075.5,4075.5,0,0.187824,0,0,0,5057,5057,0,0,0,3596,3596,0,0.288906,0,0
100,10,0,2,4419,28476,26388,0.0791269,3,2,20903,20903,0,0.20786,3,3,4419,12240,12240,0,3,3,8838,8838,-2.06E-16,0.277941,1,1,0,16236,14148,0.147583,2,2,12065,12065,0,0.147229,3,3
100,10,1,44,4128,26558,25196,0.0540562,2,3,18523.2,18523.2,0,0.264836,1,1,4128,12500,12205,0.0241704,0,2,8256,8256,-2.20E-16,0.323556,3,3,0,14058,12991,0.0821338,1,1,10267.2,10267.2,1.77E-16,0.209668,1,1
100,10,2,52,5062,25843,23425,0.103223,1,1,21307.2,21307.2,0,0.0904077,0,0,5062,12308,11612,0.059938,2,1,10124,10124,-1.80E-16,0.128143,0,0,0,13535,11813,0.145772,3,3,11183.2,11183.2,1.63E-16,0.0533141,2,2
100,10,3,11,4173,25382,23924,0.060943,0,0,17938.8,17938.8,-2.03E-16,0.250176,2,2,4173,10803,10796,0.000648388,1,0,8346,8346,-2.18E-16,0.226936,2,2,0,14579,13128,0.110527,4,0,9592.8,9592.8,-1.90E-16,0.269287,0,0
100,10,4,40,5505,29527,27824,0.0612062,4,4,23668.8,23668.8,-1.54E-16,0.149339,4,4,5505,14045,12462,0.127026,4,4,11010,11010,0,0.116514,4,4,0,15482,15362,0.00781148,0,4,12658.8,12658.8,-1.44E-16,0.175967,4,4
100,12,0,67,6038,39149,34268,0.142436,3,3,30821,32211.7,0.0451208,0.100589,3,3,6038,19688,16385,0.201587,3,3,14974.3,15095,0.00805823,0.086095,3,3,0,19461,17883,0.0882402,3,3,15846.7,17116.7,0.080143,0.11387,3,3
100,12,1,71,5638,42650,34785,0.226103,2,0,29599.5,30390,0.0267065,0.149073,2,2,5638,21288,16115,0.321005,2,1,14095,14095,0,0.125349,2,2,0,21362,18670,0.144189,0,0,15504.5,16295,0.0509852,0.16955,2,2
100,12,2,3,4918,37931,35730,0.0616009,0,1,23422,23422,0,0.344472,1,1,4918,18190,17405,0.045102,0,0,12295,12295,0,0.293594,1,1,0,19741,18325,0.0772715,2,2,11127,11127,0,0.392797,1,1
100,12,3,20,3714,25442,25442,0,1,2,15166.5,15166.5,0,0.403879,0,0,3714,14115,14115,0,1,2,9285,9285,0,0.342189,0,0,0,11327,11327,0,1,1,5881.5,5881.5,0,0.480754,4,0
100,12,4,8,6376,44255,40012,0.106043,4,4,32380.7,32468.3,0.00270738,0.190726,4,4,6376,22078,17892,0.233959,4,4,15940,15940,-5.71E-16,0.109099,4,4,0,22177,22120,0.00257685,4,4,16440.7,16528.3,0.00533231,0.256751,0,4
100,14,0,0,6064,51627,46490,0.110497,1,1,36802,36906,0.00282593,0.208389,1,1,6064,23336,19620,0.189399,1,1,18192,18192,-6.00E-16,0.0727829,1,1,0,28291,26870,0.0528843,1,3,18610,18714,0.00558839,0.307406,1,3
100,14,1,19,3441,32931,32462,0.0144477,4,3,23184,23184,1.57E-16,0.285811,3,3,3441,13393,13149,0.0185565,0,0,10323,10323,0,0.214921,4,4,0,19538,19313,0.0116502,4,4,12861,12861,1.41E-16,0.334075,3,1
100,14,2,12,7316,58467,54077,0.0811805,3,4,46541.3,50066,0.0757331,0.139352,4,4,7316,29552,25162,0.174469,4,4,21489,21948,0.0213598,0.145974,0,0,0,28915,28915,0,3,1,25052.3,28118,0.122373,0.133589,4,4
100,14,3,19,6620,48646,36448,0.334669,0,0,32557,34430,0.0575299,0.106755,0,0,6620,27636,21089,0.310446,3,3,19860,19860,3.66E-16,0.0582768,3,3,0,21010,15359,0.367928,0,0,12697,14570,0.147515,0.173319,0,0
100,14,4,51,5609,46401,39779,0.16647,2,2,33019.7,34548.9,0.04631,0.169921,2,2,5609,25608,20912,0.22456,2,2,16827,16827,-2.16E-16,0.195342,2,2,0,20793,18867,0.102083,2,2,16192.7,17721.9,0.094434,0.141744,2,2
100,16,0,30,7445,60551,54817,0.104603,4,4,50717.4,54017.2,0.065064,0.0747875,1,1,7445,30759,26812,0.14721,4,4,25217.1,26057.5,0.0333256,0.0594836,1,1,0,29792,28005,0.06381,4,1,25500.2,27959.8,0.09645,0.0894394,1,4
100,16,1,34,6324,62698,55064,0.138639,0,0,44916,45270.8,0.00789808,0.184295,4,4,6324,32881,28411,0.157333,0,0,22134,22134,0,0.220936,0,4,0,29817,26653,0.118711,0,4,22782,23136.8,0.0155715,0.145237,4,1
100,16,2,69,9598,70791,66139,0.0703367,1,1,64847.8,69332.9,0.0691639,0.0195233,0,0,9598,33834,29182,0.159413,1,1,29480.2,32375.9,0.0982225,-0.0102203,4,0,0,36957,36957,0,1,0,35367.5,36957,0.0449424,0.0430094,0,0
100,16,3,43,11480,73308,68414,0.0715351,2,2,65689.2,71271.8,0.0849835,0.0398274,2,2,11480,37808,32914,0.148691,2,2,32979.5,35771.8,0.0846662,-0.00199003,2,2,0,35500,35500,0,3,3,32709.8,35500,0.0853033,0.0785986,3,3
100,16,4,62,7537,56777,52192,0.0878487,3,3,46129.4,50415.9,0.0929234,0.11616,3,3,7537,27539,24788,0.110981,3,3,24525.9,26379.5,0.0755783,0.0105747,3,3,0,29238,27404,0.0669245,2,2,21603.5,24036.4,0.112615,0.211666,2,2