I,K, step, gamma, instance, so_assignment, so_misplace, so_obj, best_assign, worst_assign, best_misplace, worst_misplace, best, worst, time_best, time_worst, worst_lb, worst_ub, gap, time_bound, ue_assign, ue_misplace,POA_assign,POA_misplace
20,4,10,0,1,191482,3077,191482,191671,197137,578,1443,191671,197137,5000,35583,196905,197137,0.00117823,834,197137,738,1.029532802,1.276816609
20,4,10,0,2,187365,3004,187365,187592,192462,578,1443,187592,192462,5417,26959,192169,192462,0.0015247,709,192462,578,1.027203587,1
20,4,10,0,3,194661,2853,194661,194703,200255,578,1443,194703,200255,5625,34542,199690,200255,0.00282939,1084,200255,578,1.028737138,1
20,4,10,0,4,199436,2730,199436,199566,204548,578,1443,199566,204548,6958,26750,203895,204548,0.00320263,667,204548,578,1.025632283,1
20,4,10,0,5,192121,3096,192121,192225,197776,578,1443,192225,197776,5917,25792,197446,197776,0.00167134,708,197776,738,1.029434575,1.276816609
20,4,10,0,6,191730,3067,191730,191771,197132,578,1443,191771,197132,5500,27375,197073,197132,0.000299381,667,197132,578,1.028175038,1
20,4,10,0,7,189552,3227,189552,189675,194800,578,1443,189675,194800,5042,25458,194580,194800,0.00113064,833,194800,578,1.027686334,1
20,4,10,0,8,206577,2926,206577,206690,211167,578,1443,206690,211167,7084,26625,210615,211167,0.0026209,791,211167,578,1.022219318,1
20,4,10,0,9,194075,3131,194075,194140,199399,578,1443,194140,199399,6709,30584,199267,199399,0.000662428,875,199399,702,1.027432694,1.214532872
20,4,10,0,10,194282,3040,194282,194546,200102,578,1443,194546,200102,6541,28166,199880,200102,0.00111067,666,200102,996,1.029956455,1.723183391
20,4,10,5,1,190011,578,192901,190011,195008,578,1443,192901,201921,6250,25833,201921,202223,0.00149563,666,194706,1443,1.024709096,2.496539792
20,4,10,5,2,194627,578,197517,194627,198712,578,1443,197517,205296,6375,30542,205296,205927,0.00307361,875,198081,1443,1.017746767,2.496539792
20,4,10,5,3,194541,578,197431,194541,199753,578,1443,197431,206890,6750,37458,206890,206968,0.000377012,541,199675,1443,1.026390324,2.496539792
20,4,10,5,4,192558,578,195448,192558,197449,578,1443,195448,204570,6625,28875,204570,204664,0.0004595,958,197355,1443,1.024911975,2.496539792
20,4,10,5,5,186367,613,189432,186542,192187,578,1443,189432,199220,6459,29417,199220,199402,0.000913563,667,192005,1443,1.030252137,2.496539792
20,4,10,5,6,192057,578,194947,192057,197141,578,1443,194947,204072,6625,30042,204072,204356,0.00139167,708,196857,1443,1.02499258,2.496539792
20,4,10,5,7,200472,578,203362,200472,204741,578,1443,203362,211600,6167,31458,211600,211956,0.00168242,583,204385,1443,1.019518935,2.496539792
20,4,10,5,8,201958,578,204848,201958,207021,578,1443,204848,213699,5500,26208,213699,214236,0.00251288,791,206484,1443,1.0224106,2.496539792
20,4,10,5,9,187786,578,190676,187786,192548,578,1443,190676,199361,5167,25666,199361,199763,0.00201644,833,192146,1443,1.023217918,2.496539792
20,4,10,5,10,184389,578,187279,184389,188090,578,1443,187279,195157,6709,29833,195157,195305,0.000758364,750,187942,1443,1.019269045,2.496539792
20,4,10,10,1,197555,578,203335,197555,202149,578,1443,203335,216541,5041,23958,216541,216579,0.000175486,792,202111,1443,1.023061932,2.496539792
20,4,10,10,2,187413,578,193193,187413,192590,578,1443,193193,206728,5167,26000,206728,207020,0.00141248,708,192298,1443,1.026065428,2.496539792
20,4,10,10,3,193154,578,198934,193154,197751,578,1443,198934,212115,5792,27458,212115,212181,0.000311152,708,197685,1443,1.023457966,2.496539792
20,4,10,10,4,194647,578,200427,194647,198865,578,1443,200427,212918,5375,25916,212918,213295,0.00177063,667,198488,1443,1.019733158,2.496539792
20,4,10,10,5,196268,578,202048,196268,201282,578,1443,202048,215167,7208,27667,215167,215712,0.00253292,666,200737,1443,1.022769886,2.496539792
20,4,10,10,6,192468,578,198248,192468,197862,578,1443,198248,212171,7042,26750,212171,212292,0.000570295,709,197741,1443,1.027396762,2.496539792
20,4,10,10,7,187677,578,193457,187677,192814,578,1443,193457,207058,6875,30209,207058,207244,0.000898299,708,192628,1443,1.02638043,2.496539792
20,4,10,10,8,196882,578,202662,196882,202155,578,1443,202662,216319,7041,25417,216319,216585,0.00122967,750,201889,1443,1.025431477,2.496539792
20,4,10,10,9,189199,578,194979,189199,194705,578,1443,194979,208762,5500,23208,208762,209135,0.00178672,833,194332,1443,1.027130165,2.496539792
20,4,10,10,10,185382,578,191162,185382,190408,578,1443,191162,204619,7458,27333,204619,204838,0.00107028,584,190189,1443,1.025930241,2.496539792
20,4,10,15,1,175620,578,184290,175620,179575,578,1443,184290,201049,6833,28208,201049,201220,0.000850539,917,179404,1443,1.021546521,2.496539792
20,4,10,15,2,198984,578,207654,198984,204342,578,1443,207654,225752,6583,31959,225752,225987,0.00104097,667,204107,1443,1.025745789,2.496539792
20,4,10,15,3,190791,578,199461,190791,196603,578,1443,199461,218032,6875,30416,218032,218248,0.00099068,583,196387,1443,1.029330524,2.496539792
20,4,10,15,4,198650,578,207320,198650,203185,578,1443,207320,224150,6625,30833,224150,224830,0.00303368,584,202505,1443,1.01940599,2.496539792
20,4,10,15,5,196316,578,204986,196316,201559,578,1443,204986,222369,6625,32625,222369,223204,0.00375502,833,200724,1443,1.022453595,2.496539792
20,4,10,15,6,188475,578,197145,188475,193973,578,1443,197145,215468,7209,24375,215468,215618,0.000696159,625,193823,1443,1.028375116,2.496539792
20,4,10,15,7,190975,578,199645,190975,195749,578,1443,199645,216949,5500,26250,216949,217394,0.00205117,750,195304,1443,1.022667888,2.496539792
20,4,10,15,8,190619,578,199289,190619,194985,578,1443,199289,216133,6584,27666,216133,216630,0.00229951,750,194488,1443,1.020297032,2.496539792
20,4,10,15,9,189162,578,197832,189162,194831,578,1443,197832,216299,6125,25166,216299,216476,0.000818312,667,194654,1443,1.029033315,2.496539792
20,4,10,15,10,195731,578,204401,195731,201020,578,1443,204401,222426,6542,30833,222426,222665,0.00107451,708,200781,1443,1.025800716,2.496539792
20,4,10,20,1,203106,578,214666,203106,208391,578,1443,214666,236681,6500,31166,236681,237251,0.0024083,625,207821,1443,1.023214479,2.496539792
20,4,10,20,2,194943,578,206503,194943,199024,578,1443,206503,227640,6709,30791,227640,227884,0.00107187,666,198780,1443,1.019682676,2.496539792
20,4,10,20,3,204959,578,216519,204959,209798,578,1443,216519,238254,6750,29542,238254,238658,0.00169567,709,209394,1443,1.021638474,2.496539792
20,4,10,20,4,201030,578,212590,201030,206527,578,1443,212590,234948,6542,32625,234948,235387,0.0018685,792,206088,1443,1.025160424,2.496539792
20,4,10,20,5,193532,578,205092,193532,198801,578,1443,205092,227497,6708,33375,227497,227661,0.000720889,875,198637,1443,1.026378067,2.496539792
20,4,10,20,6,199908,578,211468,199908,205184,578,1443,211468,233514,6458,31333,233514,234044,0.00226967,583,204654,1443,1.023740921,2.496539792
20,4,10,20,7,195669,578,207229,195669,200762,578,1443,207229,229213,6792,34916,229213,229622,0.00178437,833,200353,1443,1.023938386,2.496539792
20,4,10,20,8,189713,578,201273,189713,194889,578,1443,201273,223537,6625,27167,223537,223749,0.000948389,917,194677,1443,1.02616584,2.496539792
20,4,10,20,9,201426,578,212986,201426,206227,578,1443,212986,234751,5334,25750,234751,235087,0.0014313,750,205891,1443,1.02216695,2.496539792
20,4,10,20,10,189332,578,200892,189332,194463,578,1443,200892,223248,6792,29459,223248,223323,0.000335949,1000,194388,1443,1.026704413,2.496539792
20,4,10,25,1,190460,578,204910,190460,194853,578,1443,204910,230764,6958,27333,230764,230928,0.000710683,542,194689,1443,1.022204137,2.496539792
20,4,10,25,2,200573,578,215023,200573,206195,578,1443,215023,241901,6500,31625,241901,242270,0.00152542,666,205826,1443,1.026189966,2.496539792
20,4,10,25,3,201039,578,215489,201039,206420,578,1443,215489,242065,7042,32500,242065,242495,0.00177638,791,205990,1443,1.024627062,2.496539792
20,4,10,25,4,192267,578,206717,192267,196677,578,1443,206717,232423,6666,30666,232423,232752,0.00141552,833,196348,1443,1.021225691,2.496539792
20,4,10,25,5,202920,578,217370,202920,207892,578,1443,217370,243396,6458,31667,243396,243967,0.00234597,625,207321,1443,1.02168835,2.496539792
20,4,10,25,6,211151,578,225601,211151,215875,578,1443,225601,251455,6417,34208,251455,251950,0.00196854,1125,215380,1443,1.020028321,2.496539792
20,4,10,25,7,196815,578,211265,196815,202342,578,1443,211265,238293,7125,25750,238293,238417,0.000520368,833,202218,1443,1.027452176,2.496539792
20,4,10,25,8,199995,578,214445,199995,205325,578,1443,214445,240975,5833,33916,240975,241400,0.00176367,958,204900,1443,1.024525613,2.496539792
20,4,10,25,9,190054,578,204504,190054,195167,578,1443,204504,230931,5209,25084,230931,231242,0.00134672,833,194856,1443,1.025266503,2.496539792
20,4,10,25,10,195007,578,209457,195007,200677,578,1443,209457,236484,7250,33125,236484,236752,0.00113327,792,200409,1443,1.02770157,2.496539792
20,4,10,30,1,198280,578,215620,198280,203741,578,1443,215620,246821,6125,28875,246821,247031,0.000850819,625,203531,1443,1.026482752,2.496539792
20,4,10,30,2,188146,578,205486,188146,193737,578,1443,205486,236848,7041,27416,236848,237027,0.000755759,792,193558,1443,1.028764895,2.496539792
20,4,10,30,3,193346,578,210686,193346,198444,578,1443,210686,241009,6500,31250,241009,241734,0.00300819,1000,197719,1443,1.022617484,2.496539792
20,4,10,30,4,205076,578,222416,205076,209563,578,1443,222416,252498,6875,26667,252498,252853,0.00140595,667,209208,1443,1.020148628,2.496539792
20,4,10,30,5,203648,578,220988,203648,208738,578,1443,220988,251137,6750,29709,251137,252028,0.00354786,958,207847,1443,1.020618911,2.496539792
20,4,10,30,6,192312,578,209652,192312,197685,578,1443,209652,240381,6750,28833,240381,240975,0.00247108,834,197091,1443,1.024850243,2.496539792
20,4,10,30,7,196859,578,214199,196859,201352,578,1443,214199,244212,6834,31458,244212,244642,0.00176077,666,200922,1443,1.020639138,2.496539792
20,4,10,30,8,186541,578,203881,186541,190553,578,1443,203881,233699,6792,34375,233699,233843,0.000616177,834,190409,1443,1.020735388,2.496539792
20,4,10,30,9,200817,578,218157,200817,205472,578,1443,218157,248180,6500,32250,248180,248762,0.00234507,959,204890,1443,1.020282147,2.496539792
20,4,10,30,10,196931,578,214271,196931,202262,578,1443,214271,245307,5458,28250,245307,245552,0.000998749,792,202017,1443,1.025826305,2.496539792
20,4,10,35,1,185894,578,206124,185894,190799,578,1443,206124,240956,6333,31750,240956,241304,0.00144425,834,190451,1443,1.02451397,2.496539792
20,4,10,35,2,196720,578,216950,196720,201490,578,1443,216950,251335,6208,32625,251335,251995,0.00262598,625,200830,1443,1.020892639,2.496539792
20,4,10,35,3,194965,578,215195,194965,200194,578,1443,215195,250237,6583,28000,250237,250699,0.00184625,708,199732,1443,1.024450542,2.496539792
20,4,10,35,4,199430,578,219660,199430,204304,578,1443,219660,254541,6500,31458,254541,254809,0.00105288,709,204036,1443,1.023095823,2.496539792
20,4,10,35,5,203129,578,223359,203129,208303,578,1443,223359,258325,5917,24250,258325,258808,0.00186974,625,207820,1443,1.023093699,2.496539792
20,4,10,35,6,190603,578,210833,190603,195715,578,1443,210833,246098,7000,32667,246098,246220,0.000495737,959,195593,1443,1.026180071,2.496539792
20,4,10,35,7,193510,578,213740,193510,198402,578,1443,213740,248623,7500,24042,248623,248907,0.00114229,709,198118,1443,1.023812723,2.496539792
20,4,10,35,8,194827,578,215057,194827,199468,578,1443,215057,249819,7583,23500,249819,249973,0.000616446,625,199314,1443,1.023030689,2.496539792
20,4,10,35,9,195909,578,216139,195909,200932,578,1443,216139,250806,5792,30333,250806,251437,0.00251589,791,200301,1443,1.022418572,2.496539792
20,4,10,35,10,187636,578,207866,187636,193294,578,1443,207866,243606,6542,31292,243606,243799,0.000792263,708,193101,1443,1.029125541,2.496539792
20,4,10,40,1,200656,578,223776,200656,206047,578,1443,223776,263287,7417,27542,263287,263767,0.00182311,709,205567,1443,1.024474723,2.496539792
20,4,10,40,2,196170,578,219290,196170,201693,578,1443,219290,259012,7292,32250,259012,259413,0.00154819,917,201292,1443,1.026110007,2.496539792
20,4,10,40,3,186659,578,209779,186659,191447,578,1443,209779,249061,7000,33167,249061,249167,0.000425599,1042,191341,1443,1.025083173,2.496539792
20,4,10,40,4,199041,578,222161,199041,204073,578,1443,222161,261256,6708,32417,261256,261793,0.00205546,667,203536,1443,1.022583287,2.496539792
20,4,10,40,5,192579,578,215699,192579,197045,578,1443,215699,254464,6708,32334,254464,254765,0.00118288,875,196744,1443,1.021627488,2.496539792
20,4,10,40,6,196083,578,219203,196083,201100,578,1443,219203,258543,7000,25667,258543,258820,0.00107139,708,200823,1443,1.024173437,2.496539792
20,4,10,40,7,194333,578,217453,194333,199769,578,1443,217453,256988,7125,25625,256988,257489,0.00194951,625,199268,1443,1.025394555,2.496539792
20,4,10,40,8,192105,578,215225,192105,196565,578,1443,215225,253815,6958,30875,253815,254285,0.00185174,833,196095,1443,1.020769891,2.496539792
20,4,10,40,9,192258,578,215378,192258,197324,578,1443,215378,254835,5375,24625,254835,255044,0.000820139,792,197115,1443,1.025262928,2.496539792
20,4,10,40,10,198406,578,221526,198406,203693,578,1443,221526,261243,5542,27416,261243,261413,0.000650735,667,203523,1443,1.025790551,2.496539792
20,4,10,45,1,183405,578,209415,183405,187593,578,1443,209415,252367,7334,24584,252367,252528,0.00063796,833,187432,1443,1.021956871,2.496539792
20,4,10,45,2,196274,578,222284,196274,201469,578,1443,222284,265996,6709,29708,265996,266404,0.00153386,792,201061,1443,1.024389374,2.496539792
20,4,10,45,3,183651,578,209661,183651,188089,578,1443,209661,252962,6458,31750,252962,253024,0.000245096,625,188027,1443,1.023827804,2.496539792
20,4,10,45,4,202326,578,228336,202326,206754,578,1443,228336,271349,7042,33542,271349,271689,0.001253,708,206414,1443,1.020205016,2.496539792
20,4,10,45,5,193876,578,219886,193876,198725,578,1443,219886,263434,6834,29375,263434,263660,0.0008579,625,198499,1443,1.023845138,2.496539792
20,4,10,45,6,188201,578,214211,188201,192697,578,1443,214211,257620,6459,30167,257620,257632,4.66E-05,958,192685,1443,1.023825591,2.496539792
20,4,10,45,7,197658,578,223668,197658,202799,578,1443,223668,267564,5459,25875,267564,267734,0.000635362,667,202629,1443,1.025149501,2.496539792
20,4,10,45,8,202830,578,228840,202830,207518,578,1443,228840,271998,6500,33375,271998,272453,0.00167281,1125,207063,1443,1.020869694,2.496539792
20,4,10,45,9,200070,578,226080,200070,205182,578,1443,226080,269907,6625,33417,269907,270117,0.000778046,709,204972,1443,1.024501425,2.496539792
20,4,10,45,10,205510,578,231520,205510,210342,578,1443,231520,274763,6584,30875,274763,275277,0.0018707,666,209828,1443,1.021011143,2.496539792
20,4,10,50,1,205973,578,234873,205973,211018,578,1443,234873,282749,6750,31000,282749,283168,0.00148188,541,210599,1443,1.022459254,2.496539792
20,4,10,50,2,194543,578,223443,194543,200139,578,1443,223443,271806,6625,31958,271806,272289,0.001777,833,199656,1443,1.026282107,2.496539792
20,4,10,50,3,193382,578,222282,193382,198503,578,1443,222282,269944,6541,29083,269944,270653,0.00262647,708,197794,1443,1.022814947,2.496539792
20,4,10,50,4,188408,578,217308,188408,193632,578,1443,217308,265515,7041,29083,265515,265782,0.00100559,625,193365,1443,1.026309923,2.496539792
20,4,10,50,5,197611,578,226511,197611,202289,578,1443,226511,274246,6708,29417,274246,274439,0.000703748,792,202096,1443,1.022696105,2.496539792
20,4,10,50,6,198634,578,227534,198634,202365,578,1443,227534,274228,5625,26541,274228,274515,0.00104657,750,202078,1443,1.017338421,2.496539792
20,4,10,50,7,191301,578,220201,191301,196974,578,1443,220201,268923,5625,28834,268923,269124,0.000747426,750,196773,1443,1.028604137,2.496539792
20,4,10,50,8,195599,578,224499,195599,200643,578,1443,224499,272714,5667,27958,272714,272793,0.000289681,834,200564,1443,1.025383565,2.496539792
20,4,10,50,9,199599,578,228499,199599,204866,578,1443,228499,276664,6750,32958,276664,277016,0.0012723,708,204514,1443,1.024624372,2.496539792
20,4,10,50,10,192950,578,221850,192950,197951,578,1443,221850,269699,6709,28750,269699,270101,0.00149055,833,197549,1443,1.02383519,2.496539792
20,4,20,0,1,196170,3095,196170,196170,205915,578,1443,196170,205915,6458,31083,204884,205915,0.00503212,666,205915,578,1.049676301,1
20,4,20,0,2,183676,2882,183676,184021,191812,578,1443,184021,191812,7083,32709,191365,191812,0.00233585,625,191812,578,1.04429539,1
20,4,20,0,3,187929,3077,187929,188063,198627,578,1443,188063,198627,6583,31084,198337,198627,0.00146216,875,198627,578,1.056925754,1
20,4,20,0,4,191754,3257,191754,191930,202589,578,1443,191930,202589,6458,30583,201631,202589,0.00475125,833,202589,996,1.056504688,1.723183391
20,4,20,0,5,203693,3090,203693,203856,212750,578,1443,203856,212750,5333,24750,211992,212750,0.00357561,834,212750,648,1.044463973,1.121107266
20,4,20,0,6,181149,2815,181149,182436,191308,578,1443,182436,191308,5500,26708,190883,191308,0.00222649,667,191308,738,1.056080906,1.276816609
20,4,20,0,7,177617,3085,177617,178167,188023,578,1443,178167,188023,5167,25125,187207,188023,0.00435881,708,188023,738,1.058586734,1.276816609
20,4,20,0,8,195837,3048,195837,196749,206919,578,1443,196749,206919,6625,30959,205623,206919,0.0063028,833,206919,716,1.056587877,1.238754325
20,4,20,0,9,188253,2994,188253,188540,199568,578,1443,188540,199568,6292,29916,199157,199568,0.0020637,708,199568,996,1.060105284,1.723183391
20,4,20,0,10,207194,2978,207194,207532,216316,578,1443,207532,216316,6209,30250,215642,216316,0.00312555,708,216316,578,1.044026371,1
20,4,20,5,1,203204,578,206094,203204,213239,578,1443,206094,218893,7166,30667,218893,220454,0.00713134,541,211678,1443,1.041701935,2.496539792
20,4,20,5,2,212170,578,215060,212170,221124,578,1443,215060,227289,6125,29458,227289,228339,0.00461967,625,220074,1443,1.037253146,2.496539792
20,4,20,5,3,189189,587,192124,189252,200348,578,1443,192142,206814,6333,32375,206814,207563,0.00362161,625,199599,1443,1.055024341,2.496539792
20,4,20,5,4,198368,590,201318,198452,208662,578,1443,201342,215457,6625,34500,215457,215877,0.00194934,708,208242,1443,1.049776174,2.496539792
20,4,20,5,5,183151,578,186041,183151,194107,578,1443,186041,201175,5417,25958,201175,201322,0.000730707,667,193960,1443,1.059016877,2.496539792
20,4,20,5,6,170017,625,173142,170393,180857,578,1443,173283,187921,6750,28750,187921,188072,0.000803529,625,180706,1443,1.062870184,2.496539792
20,4,20,5,7,179536,599,182531,179704,189808,578,1443,182594,196438,6875,32417,196438,197023,0.00297804,708,189223,1443,1.053955753,2.496539792
20,4,20,5,8,199400,630,202550,199712,208040,578,1443,202602,214470,6500,31042,214470,215255,0.00366019,791,207255,1443,1.03939318,2.496539792
20,4,20,5,9,188978,589,191923,189044,198630,578,1443,191934,205483,6500,31791,205483,205845,0.0017617,584,198268,1443,1.049159161,2.496539792
20,4,20,5,10,190440,578,193330,190440,201565,578,1443,193330,208278,7625,28292,208278,208780,0.00241024,792,201063,1443,1.055781348,2.496539792
20,4,20,10,1,186131,578,191911,186131,196208,578,1443,191911,210068,6583,35125,210068,210638,0.00271341,1042,195638,1443,1.05107693,2.496539792
20,4,20,10,2,194046,578,199826,194046,204971,578,1443,199826,218728,6292,32000,218728,219401,0.00307688,875,204298,1443,1.052832833,2.496539792
20,4,20,10,3,226030,578,231810,226030,235297,578,1443,231810,248032,7083,31792,248032,249727,0.0068338,792,233602,1443,1.033499978,2.496539792
20,4,20,10,4,176960,578,182740,176960,185594,578,1443,182740,199645,6834,32042,199645,200024,0.00189837,875,185215,1443,1.04664896,2.496539792
20,4,20,10,5,198638,578,204418,198638,209180,578,1443,204418,223241,6500,32291,223241,223610,0.00165292,625,208811,1443,1.051213766,2.496539792
20,4,20,10,6,189342,578,195122,189342,199256,578,1443,195122,212853,6667,34375,212853,213686,0.0039135,916,198423,1443,1.047960833,2.496539792
20,4,20,10,7,190896,578,196676,190896,200462,578,1443,196676,214566,5250,27000,214566,214892,0.00151935,542,200136,1443,1.048403319,2.496539792
20,4,20,10,8,189129,578,194909,189129,199385,578,1443,194909,213258,6625,32125,213258,213815,0.00261186,625,198828,1443,1.051282458,2.496539792
20,4,20,10,9,172329,578,178109,172329,180171,578,1443,178109,194281,6625,31583,194281,194601,0.0016471,666,179851,1443,1.043649067,2.496539792
20,4,20,10,10,201707,578,207487,201707,212193,578,1443,207487,226183,7625,40959,226183,226623,0.00194533,2166,211753,1443,1.049804915,2.496539792
20,4,20,15,1,182010,578,190680,182010,191912,578,1443,190680,213140,5334,29375,213140,213557,0.00195646,666,191495,1443,1.052112521,2.496539792
20,4,20,15,2,192578,578,201248,192578,201925,578,1443,201248,222669,6417,31667,222669,223570,0.00404636,791,201024,1443,1.043857554,2.496539792
20,4,20,15,3,200586,578,209256,200586,211024,578,1443,209256,231949,6542,32000,231949,232669,0.00310413,750,210304,1443,1.048448047,2.496539792
20,4,20,15,4,201999,578,210669,201999,212023,578,1443,210669,233516,6333,31542,233516,233668,0.000650919,708,211871,1443,1.048871529,2.496539792
20,4,20,15,5,195155,578,203825,195155,205046,578,1443,203825,225947,6500,34708,225947,226691,0.00329281,875,204302,1443,1.046870436,2.496539792
20,4,20,15,6,187733,578,196403,187733,197243,578,1443,196403,218375,6542,30375,218375,218888,0.00234917,1000,196730,1443,1.047924446,2.496539792
20,4,20,15,7,198964,578,207634,198964,207332,578,1443,207634,228197,6417,32542,228197,228977,0.0034181,583,206552,1443,1.038137553,2.496539792
20,4,20,15,8,211928,578,220598,211928,221677,578,1443,220598,241655,6750,31417,241655,243322,0.00689826,625,220010,1443,1.038135593,2.496539792
20,4,20,15,9,168829,578,177499,168829,179048,578,1443,177499,200491,6542,31417,200491,200693,0.00100753,667,178846,1443,1.059332224,2.496539792
20,4,20,15,10,202114,578,210784,202114,212746,578,1443,210784,233855,6542,31042,233855,234391,0.00229202,750,212210,1443,1.049952007,2.496539792
20,4,20,20,1,204806,578,216366,204806,214876,578,1443,216366,243280,6416,32709,243280,243736,0.00187438,708,214420,1443,1.046941984,2.496539792
20,4,20,20,2,186798,578,198358,186798,195976,578,1443,198358,224108,6583,33458,224108,224836,0.00324843,792,195248,1443,1.04523603,2.496539792
20,4,20,20,3,205878,578,217438,205878,215275,578,1443,217438,243079,6125,32166,243079,244135,0.00434427,666,214219,1443,1.040514285,2.496539792
20,4,20,20,4,195285,578,206845,195285,206658,578,1443,206845,235369,5125,25625,235369,235518,0.000633049,667,206509,1443,1.057474972,2.496539792
20,4,20,20,5,194276,578,205836,194276,205533,578,1443,205836,233997,6625,30792,233997,234393,0.00169233,709,205137,1443,1.055905001,2.496539792
20,4,20,20,6,192074,578,203634,192074,202933,578,1443,203634,231110,6250,30625,231110,231793,0.0029553,833,202250,1443,1.052979581,2.496539792
20,4,20,20,7,199347,578,210907,199347,208645,578,1443,210907,236906,6166,32000,236906,237505,0.00252843,625,208046,1443,1.043637476,2.496539792
20,4,20,20,8,187302,578,198862,187302,197184,578,1443,198862,225605,5042,27542,225605,226044,0.00194588,750,196745,1443,1.050415906,2.496539792
20,4,20,20,9,198137,578,209697,198137,207359,578,1443,209697,235353,6666,31250,235353,236219,0.00367958,750,206493,1443,1.04217284,2.496539792
20,4,20,20,10,191868,578,203428,191868,202331,578,1443,203428,230197,6417,31834,230197,231191,0.00431804,792,201337,1443,1.049351638,2.496539792
20,4,20,25,1,187259,578,201709,187259,197800,578,1443,201709,233604,6167,30750,233604,233875,0.00116008,708,197529,1443,1.054843826,2.496539792
20,4,20,25,2,180993,578,195443,180993,191120,578,1443,195443,226778,6375,32625,226778,227195,0.0018388,875,190703,1443,1.053648484,2.496539792
20,4,20,25,3,204409,578,218859,204409,214647,578,1443,218859,249892,6459,32000,249892,250722,0.00332143,667,213817,1443,1.046025371,2.496539792
20,4,20,25,4,197894,578,212344,197894,209156,578,1443,212344,244850,6292,31917,244850,245231,0.00155605,583,208775,1443,1.054983981,2.496539792
20,4,20,25,5,184844,578,199294,184844,195036,578,1443,199294,230785,5916,25875,230785,231111,0.00141257,917,194710,1443,1.053374738,2.496539792
20,4,20,25,6,197520,578,211970,197520,207462,578,1443,211970,242570,6708,26000,242570,243537,0.00398648,625,206495,1443,1.045438437,2.496539792
20,4,20,25,7,177702,578,192152,177702,187823,578,1443,192152,223834,5958,31167,223834,223898,0.000285926,625,187759,1443,1.056594749,2.496539792
20,4,20,25,8,165526,578,179976,165526,176542,578,1443,179976,212434,6208,30792,212434,212617,0.000861444,625,176359,1443,1.065445912,2.496539792
20,4,20,25,9,177941,578,192391,177941,186493,578,1443,192391,222339,6125,30792,222339,222568,0.00102996,958,186264,1443,1.046773931,2.496539792
20,4,20,25,10,194296,578,208746,194296,203551,578,1443,208746,239444,4917,26750,239444,239626,0.000760094,709,203369,1443,1.046696793,2.496539792
20,4,20,30,1,189986,578,207326,189986,200409,578,1443,207326,243261,6834,25792,243261,243699,0.00180054,750,199971,1443,1.052556504,2.496539792
20,4,20,30,2,188078,578,205418,188078,198488,578,1443,205418,241440,6416,34750,241440,241778,0.00139993,792,198150,1443,1.05355225,2.496539792
20,4,20,30,3,190313,578,207653,190313,200392,578,1443,207653,243187,6500,30917,243187,243682,0.00203547,584,199897,1443,1.050359145,2.496539792
20,4,20,30,4,192464,578,209804,192464,203128,578,1443,209804,245183,6250,31000,245183,246418,0.00503705,792,201893,1443,1.04899098,2.496539792
20,4,20,30,5,196605,578,213945,196605,205491,578,1443,213945,247605,6167,31417,247605,248781,0.0047495,750,204315,1443,1.039215686,2.496539792
20,4,20,30,6,190374,578,207714,190374,201306,578,1443,207714,243890,6250,30417,243890,244596,0.00289475,667,200600,1443,1.053715318,2.496539792
20,4,20,30,7,171697,578,189037,171697,181889,578,1443,189037,224386,6083,29792,224386,225179,0.00353409,625,181096,1443,1.054741783,2.496539792
20,4,20,30,8,214906,578,232246,214906,223965,578,1443,232246,265994,6583,32083,265994,267255,0.00474071,625,222704,1443,1.036285632,2.496539792
20,4,20,30,9,199379,578,216719,199379,209741,578,1443,216719,251531,6333,31459,251531,253031,0.00596348,666,208241,1443,1.044448011,2.496539792
20,4,20,30,10,196455,578,213795,196455,206612,578,1443,213795,249462,5333,28209,249462,249902,0.0017638,958,206172,1443,1.049461709,2.496539792
20,4,20,35,1,193332,578,213562,193332,202812,578,1443,213562,252496,5375,26375,252496,253317,0.00325154,792,201991,1443,1.04478824,2.496539792
20,4,20,35,2,191696,578,211926,191696,202370,578,1443,211926,252321,6083,28334,252321,252875,0.00219562,750,201816,1443,1.052791921,2.496539792
20,4,20,35,3,184842,578,205072,184842,194941,578,1443,205072,244965,6625,28208,244965,245446,0.00196355,667,194460,1443,1.052033629,2.496539792
20,4,20,35,4,167833,578,188063,167833,177907,578,1443,188063,227906,6250,31792,227906,228412,0.00222021,708,177401,1443,1.057009051,2.496539792
20,4,20,35,5,184017,578,204247,184017,194167,578,1443,204247,243907,6250,31375,243907,244672,0.00313644,875,193402,1443,1.051000723,2.496539792
20,4,20,35,6,187375,578,207605,187375,197793,578,1443,207605,247973,5708,24541,247973,248298,0.00131063,750,197468,1443,1.053865243,2.496539792
20,4,20,35,7,181099,578,201329,181099,189972,578,1443,201329,240119,6417,32500,240119,240477,0.00149093,667,189614,1443,1.047018482,2.496539792
20,4,20,35,8,201667,578,221897,201667,209951,578,1443,221897,260235,6208,33708,260235,260456,0.000849232,667,209730,1443,1.039981752,2.496539792
20,4,20,35,9,189673,578,209903,189673,199963,578,1443,209903,249842,5208,26166,249842,250468,0.00250558,583,199337,1443,1.050950847,2.496539792
20,4,20,35,10,203289,578,223519,203289,213439,578,1443,223519,262343,6375,31584,262343,263944,0.0061027,792,211838,1443,1.042053431,2.496539792
20,4,20,40,1,199220,578,222340,199220,209503,578,1443,222340,266422,5541,26291,266422,267223,0.00300651,666,208702,1443,1.047595623,2.496539792
20,4,20,40,2,197371,578,220491,197371,207700,578,1443,220491,265111,6458,32500,265111,265420,0.00116555,584,207391,1443,1.050767337,2.496539792
20,4,20,40,3,179870,578,202990,179870,191186,578,1443,202990,248630,5500,25792,248630,248906,0.00111008,625,190910,1443,1.061377662,2.496539792
20,4,20,40,4,202069,578,225189,202069,212113,578,1443,225189,269068,6541,27250,269068,269833,0.00284315,750,211348,1443,1.045919958,2.496539792
20,4,20,40,5,183865,578,206985,183865,191619,578,1443,206985,248650,6458,29292,248650,249339,0.00277096,917,190930,1443,1.038424931,2.496539792
20,4,20,40,6,198006,578,221126,198006,208137,578,1443,221126,265501,6208,31166,265501,265857,0.00134086,750,207781,1443,1.049367191,2.496539792
20,4,20,40,7,185783,578,208903,185783,196653,578,1443,208903,253692,6750,27708,253692,254373,0.00268436,625,195972,1443,1.054843554,2.496539792
20,4,20,40,8,175557,578,198677,175557,185102,578,1443,198677,242130,10916,27958,242130,242822,0.00285797,750,184410,1443,1.050428066,2.496539792
20,4,20,40,9,179260,578,202380,179260,186446,578,1443,202380,243834,4958,26708,243834,244166,0.00136158,833,186114,1443,1.038234966,2.496539792
20,4,20,40,10,179761,578,202881,179761,188742,578,1443,202881,245669,6250,32916,245669,246462,0.00322792,791,187949,1443,1.045549368,2.496539792
20,4,20,45,1,189425,578,215435,189425,198127,578,1443,215435,262984,5334,26333,262984,263062,0.000296596,625,198049,1443,1.045527254,2.496539792
20,4,20,45,2,190722,578,216732,190722,201393,578,1443,216732,265960,6209,28792,265960,266328,0.00138367,1000,201025,1443,1.054021036,2.496539792
20,4,20,45,3,194438,578,220448,194438,204574,578,1443,220448,269353,6833,32500,269353,269509,0.000579166,791,204418,1443,1.051327415,2.496539792
20,4,20,45,4,179127,578,205137,179127,189136,578,1443,205137,253785,6500,34000,253785,254071,0.00112694,958,188850,1443,1.054279924,2.496539792
20,4,20,45,5,193883,578,219893,193883,204773,578,1443,219893,269219,7042,27042,269219,269708,0.00181637,1166,204284,1443,1.053645755,2.496539792
20,4,20,45,6,203070,578,229080,203070,213494,578,1443,229080,277698,6250,32792,277698,278429,0.00263236,1042,212763,1443,1.047732309,2.496539792
20,4,20,45,7,176928,578,202938,176928,185727,578,1443,202938,250161,6542,29208,250161,250662,0.00200271,958,185226,1443,1.046900434,2.496539792
20,4,20,45,8,201262,578,227272,201262,210309,578,1443,227272,274436,6583,33375,274436,275244,0.00294422,1041,209501,1443,1.040936689,2.496539792
20,4,20,45,9,205584,578,231594,205584,216592,578,1443,231594,281413,6334,32291,281413,281527,0.000405099,625,216478,1443,1.052990505,2.496539792
20,4,20,45,10,209693,578,235703,209693,219885,578,1443,235703,284394,6500,32625,284394,284820,0.00149792,750,219459,1443,1.046572847,2.496539792
20,4,20,50,1,193942,578,222842,193942,204341,578,1443,222842,275888,6584,32834,275888,276491,0.00218567,833,203738,1443,1.050509946,2.496539792
20,4,20,50,2,197997,578,226897,197997,206203,578,1443,226897,277514,6709,32125,277514,278353,0.00302327,667,205364,1443,1.037207634,2.496539792
20,4,20,50,3,192776,578,221676,192776,203503,578,1443,221676,274756,6625,32667,274756,275653,0.00326471,833,202606,1443,1.050991825,2.496539792
20,4,20,50,4,193853,578,222753,193853,203663,578,1443,222753,275423,6625,38000,275423,275813,0.001416,833,203273,1443,1.048593522,2.496539792
20,4,20,50,5,175882,578,204782,175882,185567,578,1443,204782,257341,6542,29791,257341,257717,0.0014611,833,185191,1443,1.052927531,2.496539792
20,4,20,50,6,193194,578,222094,193194,201083,578,1443,222094,272882,6291,29750,272882,273233,0.00128627,709,200732,1443,1.039017775,2.496539792
20,4,20,50,7,191837,578,220737,191837,201728,578,1443,220737,273381,6333,32792,273381,273878,0.00181798,875,201231,1443,1.048968656,2.496539792
20,4,20,50,8,179641,578,208541,179641,190442,578,1443,208541,262143,7459,29750,262143,262592,0.00171281,625,189993,1443,1.057626043,2.496539792
20,4,20,50,9,201326,578,230226,201326,210415,578,1443,230226,282274,6459,32709,282274,282565,0.00103091,667,210124,1443,1.043700267,2.496539792
20,4,20,50,10,198813,578,227713,198813,207578,578,1443,227713,279073,6416,31042,279073,279728,0.00234706,584,206923,1443,1.040792101,2.496539792
20,4,30,0,1,199496,3115,199496,200128,214183,578,1443,200128,214183,6375,33542,213425,214183,0.0035516,833,214183,996,1.073620524,1.723183391
20,4,30,0,2,208708,3136,208708,209144,221924,578,1443,209144,221924,6291,30417,220962,221924,0.00435369,750,221924,578,1.06332292,1
20,4,30,0,3,192585,3137,192585,192684,208332,578,1443,192684,208332,6375,32291,207368,208332,0.00464874,708,208332,996,1.081766493,1.723183391
20,4,30,0,4,199190,2903,199190,199437,213058,578,1443,199437,213058,6208,32167,212837,213058,0.00103835,834,213058,738,1.069621969,1.276816609
20,4,30,0,5,190664,2941,190664,190950,206390,578,1443,190950,206390,6708,29333,204936,206390,0.0070949,1000,206390,578,1.082480175,1
20,4,30,0,6,217325,3015,217325,218080,230927,578,1443,218080,230927,6209,29625,230420,230927,0.00220033,833,230915,578,1.062533073,1
20,4,30,0,7,217573,2967,217573,218014,234092,578,1443,218014,234092,6334,29333,231600,234092,0.0107599,1000,234092,578,1.075923943,1
20,4,30,0,8,200092,3018,200092,200417,212329,578,1443,200417,212329,6417,31375,211840,212329,0.00230835,834,212329,578,1.061156868,1
20,4,30,0,9,191977,3419,191977,192161,207494,578,1443,192161,207494,6333,30333,206330,207494,0.00564145,792,207494,738,1.080827391,1.276816609
20,4,30,0,10,197441,3027,197441,197605,213533,578,1443,197605,213533,6167,29125,212431,213533,0.00518757,875,213533,761,1.081502829,1.316608997
20,4,30,5,1,186878,658,190168,187865,200293,578,1443,190755,207208,6500,26333,207208,207508,0.00144782,666,199993,1443,1.070179475,2.496539792
20,4,30,5,2,220528,578,223418,220528,231687,578,1443,223418,238128,6375,32042,238128,238902,0.00325035,833,230913,1443,1.047091526,2.496539792
20,4,30,5,3,196173,663,199488,196872,209599,578,1443,199762,215652,5459,30125,215652,216814,0.00538831,834,208437,1443,1.062516248,2.496539792
20,4,30,5,4,178353,578,181243,178353,192117,578,1443,181243,197903,6333,32375,197903,199332,0.00722071,792,190688,1443,1.069160597,2.496539792
20,4,30,5,5,217793,578,220683,217793,231897,578,1443,220683,237606,6417,31208,237606,239112,0.00633822,709,230391,1443,1.057843916,2.496539792
20,4,30,5,6,180202,706,183732,181289,195983,578,1443,184179,203029,6416,31791,203029,203198,0.000832393,875,195814,1443,1.086636108,2.496539792
20,4,30,5,7,206642,578,209532,206642,222524,578,1443,209532,228807,6250,33334,228807,229739,0.0040733,625,221592,1443,1.072347345,2.496539792
20,4,30,5,8,181808,598,184798,181968,197866,578,1443,184858,204765,6292,30292,204765,205081,0.00154323,625,197550,1443,1.086585849,2.496539792
20,4,30,5,9,197786,663,201101,198551,211783,578,1443,201441,218375,6541,31291,218375,218998,0.00285289,542,211160,1443,1.067618537,2.496539792
20,4,30,5,10,188642,578,191532,188642,204487,578,1443,191532,210775,6334,32333,210775,211702,0.00439805,1000,203560,1443,1.079081011,2.496539792
20,4,30,10,1,188122,578,193902,188122,203036,578,1443,193902,216719,5958,31292,216719,217466,0.00344686,834,202289,1443,1.075307513,2.496539792
20,4,30,10,2,177853,578,183633,177853,194499,578,1443,183633,208238,6791,30125,208238,208929,0.00331832,792,193808,1443,1.089708917,2.496539792
20,4,30,10,3,193073,596,199033,193289,208068,578,1443,199069,221555,6417,27000,221555,222498,0.00425628,750,207125,1443,1.072780762,2.496539792
20,4,30,10,4,223667,578,229447,223667,237087,578,1443,229447,251090,6375,33625,251090,251517,0.00170059,750,236660,1443,1.058090823,2.496539792
20,4,30,10,5,197874,578,203654,197874,214576,578,1443,203654,227646,6583,29542,227646,229006,0.00597419,1000,213216,1443,1.077534188,2.496539792
20,4,30,10,6,195234,578,201014,195234,211101,578,1443,201014,225019,6333,32708,225019,225531,0.00227536,750,210589,1443,1.078649211,2.496539792
20,4,30,10,7,168453,578,174233,168453,182003,578,1443,174233,195386,6208,32291,195386,196433,0.00535862,708,180956,1443,1.074222483,2.496539792
20,4,30,10,8,188330,578,194110,188330,201939,578,1443,194110,214249,6417,32375,214249,216369,0.00989503,583,199819,1443,1.06100462,2.496539792
20,4,30,10,9,163192,613,169322,163542,180215,578,1443,169322,194460,6417,32041,194460,194645,0.000951352,625,180030,1443,1.103179077,2.496539792
20,4,30,10,10,197908,578,203688,197908,211676,578,1443,203688,225646,6333,34500,225646,226106,0.00203859,833,211216,1443,1.067243366,2.496539792
20,4,30,15,1,186461,578,195131,186461,201623,578,1443,195131,223020,6833,32209,223020,223268,0.00111201,875,201375,1443,1.079984554,2.496539792
20,4,30,15,2,179466,578,188136,179466,194359,578,1443,188136,215040,6584,32250,215040,216004,0.00448289,542,193395,1443,1.077613587,2.496539792
20,4,30,15,3,215027,578,223697,215027,229799,578,1443,223697,249385,5041,27041,249385,251444,0.00825631,792,227740,1443,1.059122808,2.496539792
20,4,30,15,4,196373,578,205043,196373,212507,578,1443,205043,233080,6750,32416,233080,234152,0.00459928,666,211435,1443,1.076700972,2.496539792
20,4,30,15,5,169605,578,178275,169605,184175,578,1443,178275,205342,6375,31875,205342,205820,0.00232782,708,183697,1443,1.083087173,2.496539792
20,4,30,15,6,195462,578,204132,195462,210058,578,1443,204132,229978,6208,31542,229978,231703,0.00750072,709,208333,1443,1.065849116,2.496539792
20,4,30,15,7,216061,578,224731,216061,230366,578,1443,224731,251219,6375,32333,251219,252011,0.00315263,666,229574,1443,1.062542523,2.496539792
20,4,30,15,8,205781,578,214451,205781,221284,578,1443,214451,242199,6167,33291,242199,242929,0.00301405,916,220554,1443,1.071789913,2.496539792
20,4,30,15,9,183297,578,191967,183297,198453,578,1443,191967,218832,6125,31083,218832,220098,0.00578526,667,197187,1443,1.075778654,2.496539792
20,4,30,15,10,185096,578,193766,185096,201008,578,1443,193766,221974,6208,31125,221974,222653,0.00305892,542,200329,1443,1.082297835,2.496539792
20,4,30,20,1,175905,578,187465,175905,191368,578,1443,187465,219678,5417,26041,219678,220228,0.00250366,625,190818,1443,1.084778716,2.496539792
20,4,30,20,2,189363,578,200923,189363,202460,578,1443,200923,229629,6167,33083,229629,231320,0.00736405,666,200769,1443,1.06023352,2.496539792
20,4,30,20,3,206270,578,217830,206270,221314,578,1443,217830,248076,6500,33000,248076,250174,0.00845709,833,219216,1443,1.062762399,2.496539792
20,4,30,20,4,190400,578,201960,190400,205919,578,1443,201960,234173,6250,31833,234173,234779,0.00258783,625,205313,1443,1.07832458,2.496539792
20,4,30,20,5,191106,578,202666,191106,204870,578,1443,202666,232878,6000,31958,232878,233730,0.00365857,834,204018,1443,1.067564598,2.496539792
20,4,30,20,6,189180,578,200740,189180,204857,578,1443,200740,232718,6583,31875,232718,233717,0.00429275,542,203858,1443,1.077587483,2.496539792
20,4,30,20,7,214811,578,226371,214811,231308,578,1443,226371,259722,6709,31333,259722,260168,0.00171722,833,230862,1443,1.074721499,2.496539792
20,4,30,20,8,176981,578,188541,176981,193222,578,1443,188541,221623,5792,29542,221623,222082,0.00207108,1000,192763,1443,1.089173414,2.496539792
20,4,30,20,9,185984,578,197544,185984,202086,578,1443,197544,230658,6625,35625,230658,230946,0.0012486,1083,201798,1443,1.08502882,2.496539792
20,4,30,20,10,217156,578,228716,217156,232032,578,1443,228716,259493,6417,32792,259493,260892,0.00539128,750,230633,1443,1.062061375,2.496539792
20,4,30,25,1,184456,578,198906,184456,200109,578,1443,198906,235604,6375,27542,235604,236184,0.00246176,792,199529,1443,1.081715965,2.496539792
20,4,30,25,2,174661,578,189111,174661,186579,578,1443,189111,222288,7375,26875,222288,222654,0.00164651,792,186213,1443,1.06613955,2.496539792
20,4,30,25,3,180981,578,195431,180981,194933,578,1443,195431,229755,5250,28750,229755,231008,0.00545364,750,193680,1443,1.070167587,2.496539792
20,4,30,25,4,168157,578,182607,168157,180791,578,1443,182607,215831,6500,31250,215831,216866,0.00479542,875,179756,1443,1.068977206,2.496539792
20,4,30,25,5,183526,578,197976,183526,199212,578,1443,197976,234851,7041,28667,234851,235287,0.0018565,667,198776,1443,1.083094493,2.496539792
20,4,30,25,6,178244,578,192694,178244,193033,578,1443,192694,228497,6292,30709,228497,229108,0.002674,792,192422,1443,1.079542649,2.496539792
20,4,30,25,7,157957,578,172407,157957,169886,578,1443,172407,205643,6709,25125,205643,205961,0.00154637,625,169568,1443,1.073507347,2.496539792
20,4,30,25,8,199190,578,213640,199190,214950,578,1443,213640,250399,6958,35667,250399,251025,0.00250001,708,214324,1443,1.07597771,2.496539792
20,4,30,25,9,205021,578,219471,205021,219867,578,1443,219471,254796,6459,32333,254796,255942,0.00449772,875,218721,1443,1.066822423,2.496539792
20,4,30,25,10,191176,578,205626,191176,205975,578,1443,205626,241506,6084,31583,241506,242050,0.00225253,667,205431,1443,1.074564799,2.496539792
20,4,30,30,1,163145,578,180485,163145,179796,578,1443,180485,222633,5334,26417,222633,223086,0.00203474,708,179343,1443,1.099285911,2.496539792
20,4,30,30,2,189475,578,206815,189475,202486,578,1443,206815,245485,6292,31833,245485,245776,0.00118541,625,202195,1443,1.067132867,2.496539792
20,4,30,30,3,194770,578,212110,194770,209998,578,1443,212110,251528,6334,33250,251528,253288,0.00699723,667,208238,1443,1.069148226,2.496539792
20,4,30,30,4,194329,578,211669,194329,207868,578,1443,211669,249828,6417,31666,249828,251158,0.00532366,625,206538,1443,1.062826444,2.496539792
20,4,30,30,5,163284,578,180624,163284,179521,578,1443,180624,221993,6625,31625,221993,222811,0.0036848,625,178703,1443,1.094430563,2.496539792
20,4,30,30,6,158895,578,176235,158895,174638,578,1443,176235,217113,5834,33334,217113,217928,0.00375381,916,173823,1443,1.093948834,2.496539792
20,4,30,30,7,191620,578,208960,191620,207439,578,1443,208960,248958,6416,32958,248958,250729,0.00711365,1041,205668,1443,1.073311763,2.496539792
20,4,30,30,8,186758,578,204098,186758,202793,578,1443,204098,244984,6583,25833,244984,246083,0.00448601,666,201694,1443,1.079975155,2.496539792
20,4,30,30,9,191643,578,208983,191643,207677,578,1443,208983,250554,6417,30958,250554,250967,0.00164835,625,207264,1443,1.081510934,2.496539792
20,4,30,30,10,211477,578,228817,211477,225812,578,1443,228817,268612,6334,31000,268612,269102,0.00182419,666,225322,1443,1.065468112,2.496539792
20,4,30,35,1,202509,578,222739,202509,217519,578,1443,222739,267234,5250,27208,267234,268024,0.00295621,709,216729,1443,1.070219101,2.496539792
20,4,30,35,2,201971,578,222201,201971,216425,578,1443,222201,266158,6625,32417,266158,266930,0.00290053,792,215653,1443,1.067742399,2.496539792
20,4,30,35,3,169547,578,189777,169547,183877,578,1443,189777,233974,6125,34167,233974,234382,0.00174378,1166,183469,1443,1.082112924,2.496539792
20,4,30,35,4,196071,578,216301,196071,211680,578,1443,216301,260251,6417,32042,260251,262185,0.00743129,750,209746,1443,1.069745143,2.496539792
20,4,30,35,5,208085,578,228315,208085,223147,578,1443,228315,271430,6291,33041,271430,273652,0.00818627,1042,220925,1443,1.061705553,2.496539792
20,4,30,35,6,209735,578,229965,209735,222016,578,1443,229965,271576,7000,28542,271576,272521,0.00347969,666,221071,1443,1.054049157,2.496539792
20,4,30,35,7,197926,578,218156,197926,211991,578,1443,218156,261736,6292,31792,261736,262496,0.00290369,625,211231,1443,1.067222093,2.496539792
20,4,30,35,8,234401,578,254631,234401,249406,578,1443,254631,298882,6625,28500,298882,299911,0.00344283,709,248377,1443,1.059624319,2.496539792
20,4,30,35,9,197949,578,218179,197949,209444,578,1443,218179,259427,6250,31458,259427,259949,0.00201213,792,208922,1443,1.05543347,2.496539792
20,4,30,35,10,182179,578,202409,182179,197330,578,1443,202409,247011,6875,26292,247011,247835,0.00333588,792,196506,1443,1.078642434,2.496539792
20,4,30,40,1,180355,578,203475,180355,192995,578,1443,203475,249687,6708,31209,249687,250715,0.00411715,500,191967,1443,1.064384131,2.496539792
20,4,30,40,2,195521,578,218641,195521,211432,578,1443,218641,268994,6417,31459,268994,269152,0.000587374,666,211274,1443,1.080569351,2.496539792
20,4,30,40,3,159840,578,182960,159840,173949,578,1443,182960,231101,6167,32292,231101,231669,0.0024578,875,173381,1443,1.084715966,2.496539792
20,4,30,40,4,171291,578,194411,171291,187889,578,1443,194411,245501,6375,29875,245501,245609,0.000439917,792,187781,1443,1.096268922,2.496539792
20,4,30,40,5,189129,578,212249,189129,204330,578,1443,212249,261057,6791,32667,261057,262050,0.00380377,959,203337,1443,1.075123329,2.496539792
20,4,30,40,6,224423,578,247543,224423,237906,578,1443,247543,294330,5167,27542,294330,295626,0.00440322,666,236610,1443,1.054303703,2.496539792
20,4,30,40,7,177066,578,200186,177066,192132,578,1443,200186,248928,6292,31708,248928,249852,0.00371192,792,191208,1443,1.079868524,2.496539792
20,4,30,40,8,153243,578,176363,153243,167551,578,1443,176363,224607,6416,33125,224607,225271,0.00295627,834,166887,1443,1.089035062,2.496539792
20,4,30,40,9,224044,578,247164,224044,239140,578,1443,247164,296306,6417,33625,296306,296860,0.00186969,750,238586,1443,1.064906893,2.496539792
20,4,30,40,10,195695,578,218815,195695,209352,578,1443,218815,265558,6416,32042,265558,267072,0.0057012,541,207838,1443,1.06205064,2.496539792
20,4,30,45,1,166068,578,192078,166068,180024,578,1443,192078,243909,6458,32250,243909,244959,0.00430488,625,178974,1443,1.077715153,2.496539792
20,4,30,45,2,212622,578,238632,212622,227058,578,1443,238632,290545,6167,33334,290545,291993,0.00498374,1000,225610,1443,1.06108493,2.496539792
20,4,30,45,3,210609,578,236619,210609,224915,578,1443,236619,288380,6875,33250,288380,289850,0.00509744,542,223445,1443,1.060947063,2.496539792
20,4,30,45,4,192410,578,218420,192410,205696,578,1443,218420,269378,6625,31833,269378,270631,0.00465146,667,204443,1443,1.06253833,2.496539792
20,4,30,45,5,192961,578,218971,192961,207283,578,1443,218971,271462,6375,32458,271462,272218,0.00278492,708,206527,1443,1.070304362,2.496539792
20,4,30,45,6,188984,578,214994,188984,204028,578,1443,214994,267347,6125,31459,267347,268963,0.00604458,750,202412,1443,1.071053634,2.496539792
20,4,30,45,7,207845,578,233855,207845,223688,578,1443,233855,287476,6500,33750,287476,288623,0.0039899,750,222541,1443,1.070706536,2.496539792
20,4,30,45,8,179678,578,205688,179678,195908,578,1443,205688,259597,6666,32208,259597,260843,0.00479975,875,194662,1443,1.083393626,2.496539792
20,4,30,45,9,213293,578,239303,213293,225206,578,1443,239303,289283,6792,35875,289283,290141,0.00296595,917,224348,1443,1.051830112,2.496539792
20,4,30,45,10,197439,578,223449,197439,211001,578,1443,223449,275518,6292,32375,275518,275936,0.00151714,666,210583,1443,1.06657246,2.496539792
20,4,30,50,1,188195,578,217095,188195,201761,578,1443,217095,273023,6250,31875,273023,273911,0.00325247,625,200873,1443,1.067366296,2.496539792
20,4,30,50,2,202708,578,231608,202708,217618,578,1443,231608,288412,6458,31083,288412,289768,0.00470161,792,216262,1443,1.066864653,2.496539792
20,4,30,50,3,195053,578,223953,195053,209726,578,1443,223953,281094,6334,32166,281094,281876,0.00278199,958,208944,1443,1.071216541,2.496539792
20,4,30,50,4,167734,578,196634,167734,183183,578,1443,196634,254708,6708,31500,254708,255333,0.00245379,917,182558,1443,1.088378027,2.496539792
20,4,30,50,5,202078,578,230978,202078,215236,578,1443,230978,285998,6625,33500,285998,287386,0.00485318,709,213848,1443,1.058244836,2.496539792
20,4,30,50,6,178394,578,207294,178394,191002,578,1443,207294,262640,5375,23958,262640,263152,0.00194944,584,190490,1443,1.067804971,2.496539792
20,4,30,50,7,187409,578,216309,187409,202872,578,1443,216309,274190,6250,32333,274190,275022,0.00303439,875,202040,1443,1.07806989,2.496539792
20,4,30,50,8,181148,578,210048,181148,197377,578,1443,210048,269071,6833,29875,269071,269527,0.00169472,708,196921,1443,1.087072449,2.496539792
20,4,30,50,9,195162,578,224062,195162,208617,578,1443,224062,279433,6291,34791,279433,280767,0.00477395,1166,207283,1443,1.062107377,2.496539792
20,4,30,50,10,206675,578,235575,206675,219301,578,1443,235575,290537,6542,32833,290537,291451,0.0031459,584,218387,1443,1.056668683,2.496539792
20,4,40,0,1,217026,2877,217026,217548,235686,578,1443,217548,235686,6958,26125,233665,235686,0.00864913,750,235686,578,1.085980482,1
20,4,40,0,2,185692,2901,185692,186925,205875,578,1443,186925,205875,6666,25542,204317,205875,0.00762541,833,205875,738,1.108690735,1.276816609
20,4,40,0,3,186272,2914,186272,186701,207591,578,1443,186701,207591,6208,31416,206435,207591,0.00559983,833,207591,685,1.11445091,1.185121107
20,4,40,0,4,167771,2712,167771,168801,189095,578,1443,168801,189095,6458,30208,188319,189095,0.00412067,667,189095,696,1.127101823,1.204152249
20,4,40,0,5,208920,3236,208920,209362,229610,578,1443,209362,229610,6625,32625,228865,229610,0.00325519,791,229610,672,1.099033123,1.162629758
20,4,40,0,6,226242,2790,226242,226558,243656,578,1443,226558,243656,7125,28208,242055,243656,0.0066142,667,243656,578,1.076970677,1
20,4,40,0,7,242530,2993,242530,242535,257470,578,1443,242535,257470,6750,27250,255698,257470,0.00693005,792,257470,738,1.061600627,1.276816609
20,4,40,0,8,165900,3069,165900,166449,187466,578,1443,166449,187466,5333,24958,186705,187466,0.00407595,750,187466,996,1.129993972,1.723183391
20,4,40,0,9,193662,3129,193662,195918,210992,578,1443,195918,210992,5667,24583,209315,210992,0.00801185,708,210992,597,1.089485805,1.032871972
20,4,40,0,10,213632,2913,213632,214294,232451,578,1443,214294,232451,5375,26625,231097,232451,0.00585901,708,232451,673,1.088090735,1.164359862
20,4,40,5,1,151471,672,154831,153114,171745,578,1443,156004,178267,6500,32834,178267,178960,0.00388743,1208,171052,1443,1.12927227,2.496539792
20,4,40,5,2,176276,735,179951,177569,198682,578,1443,180459,205303,6583,31250,205303,205897,0.00289328,792,198088,1443,1.123737775,2.496539792
20,4,40,5,3,180703,608,183743,180883,201383,578,1443,183773,207179,5334,29959,207179,208598,0.00684915,750,199964,1443,1.106589265,2.496539792
20,4,40,5,4,190102,578,192992,190102,210114,578,1443,192992,216523,6458,31916,216523,217329,0.00372247,792,209308,1443,1.101029973,2.496539792
20,4,40,5,5,175701,646,178931,176497,195391,578,1443,179387,200841,6833,26375,200841,202606,0.00878805,625,193626,1443,1.102019909,2.496539792
20,4,40,5,6,204134,583,207049,204179,221591,578,1443,207069,227543,6333,31958,227543,228806,0.0055506,875,220328,1443,1.079330244,2.496539792
20,4,40,5,7,182032,660,185332,182741,202553,578,1443,185631,208894,6417,34208,208894,209768,0.00418394,750,201679,1443,1.107931572,2.496539792
20,4,40,5,8,213696,672,217056,214307,235327,578,1443,217197,240307,6083,32042,239990,242542,0.0106338,750,235327,996,1.101223233,1.723183391
20,4,40,5,9,200440,602,203450,200776,221269,578,1443,203666,226249,7000,25750,225223,228484,0.014479,833,221269,996,1.103916384,1.723183391
20,4,40,5,10,190780,578,193670,190780,208334,578,1443,193670,214548,7125,26542,214548,215549,0.00466562,667,207333,1443,1.08676486,2.496539792
20,4,40,10,1,206729,578,212509,206729,224703,578,1443,212509,238303,6416,30667,238303,239133,0.00348296,1083,223873,1443,1.082929826,2.496539792
20,4,40,10,2,178953,632,185273,179622,200118,578,1443,185402,212864,6750,26833,212864,214548,0.00791115,708,198434,1443,1.108860986,2.496539792
20,4,40,10,3,201644,643,208074,202383,219083,578,1443,208163,232308,5167,26834,232308,233513,0.00518708,709,217878,1443,1.080508222,2.496539792
20,4,40,10,4,202536,578,208316,202536,221285,578,1443,208316,233725,6292,31833,233725,235715,0.00851428,667,219295,1443,1.082745783,2.496539792
20,4,40,10,5,181389,578,187169,181389,201347,578,1443,187169,214504,7250,26875,214504,215777,0.00593462,583,200074,1443,1.103010657,2.496539792
20,4,40,10,6,181236,578,187016,181236,198341,578,1443,187016,211635,6583,33417,211635,212771,0.00536773,1041,197205,1443,1.088111633,2.496539792
20,4,40,10,7,225546,578,231326,225546,243821,578,1443,231326,257145,7292,28500,257145,258251,0.00430108,750,242715,1443,1.076121944,2.496539792
20,4,40,10,8,188293,600,194293,188667,206081,578,1443,194447,218098,6458,33458,218098,220511,0.0110638,667,203668,1443,1.081654655,2.496539792
20,4,40,10,9,173188,661,179798,174872,193245,578,1443,180652,206572,6209,31292,206572,207675,0.00533954,792,192142,1443,1.109441763,2.496539792
20,4,40,10,10,198370,578,204150,198370,219618,578,1443,204150,232720,6333,33333,232720,234048,0.00570643,916,218290,1443,1.10041841,2.496539792
20,4,40,15,1,187717,578,196387,187717,207019,578,1443,196387,227816,6125,31750,227816,228664,0.0037223,667,206171,1443,1.098307559,2.496539792
20,4,40,15,2,250102,578,258772,250102,268350,578,1443,258772,289151,6125,31750,289151,289995,0.00291889,583,267506,1443,1.069587608,2.496539792
20,4,40,15,3,195464,578,204134,195464,215172,578,1443,204134,236216,6959,26958,236216,236817,0.00254428,792,214571,1443,1.097752016,2.496539792
20,4,40,15,4,204515,578,213185,204515,222141,578,1443,213185,243144,6375,31208,243144,243786,0.00264041,916,221499,1443,1.083045253,2.496539792
20,4,40,15,5,207054,578,215724,207054,226977,578,1443,215724,246773,6209,31167,246773,248622,0.00749272,750,225128,1443,1.087291238,2.496539792
20,4,40,15,6,155492,650,165242,156572,175729,578,1443,165242,196122,4958,25625,196122,197374,0.00638378,625,174477,1443,1.122096314,2.496539792
20,4,40,15,7,177679,578,186349,177679,199815,578,1443,186349,220311,5083,25417,220311,221460,0.00521535,708,198666,1443,1.118117504,2.496539792
20,4,40,15,8,212383,578,221053,212383,231206,578,1443,221053,250419,6083,31459,250419,252851,0.00971172,708,228774,1443,1.07717661,2.496539792
20,4,40,15,9,200907,578,209577,200907,220307,578,1443,209577,240627,6125,32708,240627,241952,0.00550645,958,218982,1443,1.089967,2.496539792
20,4,40,15,10,222593,578,231263,222593,239083,578,1443,231263,259057,6250,31625,259057,260728,0.00645032,625,237412,1443,1.066574421,2.496539792
20,4,40,20,1,155399,578,166959,155399,174254,578,1443,166959,201865,6416,30750,201865,203114,0.0061873,1000,173005,1443,1.113295452,2.496539792
20,4,40,20,2,182000,578,193560,182000,203604,578,1443,193560,230571,6083,32042,230571,232464,0.00821005,667,201711,1443,1.108302198,2.496539792
20,4,40,20,3,190683,578,202243,190683,211396,578,1443,202243,239690,6250,31625,239690,240256,0.00236138,625,210830,1443,1.105657033,2.496539792
20,4,40,20,4,173494,578,185054,173494,193104,578,1443,185054,221106,7375,28000,221106,221964,0.00388049,750,192246,1443,1.108084429,2.496539792
20,4,40,20,5,231568,578,243128,231568,249683,578,1443,243128,277307,4875,25833,277307,278543,0.00445715,667,248447,1443,1.072890037,2.496539792
20,4,40,20,6,219810,578,231370,219810,238316,578,1443,231370,265814,6459,31750,265814,267176,0.00512388,542,236954,1443,1.077994632,2.496539792
20,4,40,20,7,166942,578,178502,166942,186248,578,1443,178502,212753,6500,32542,212753,215108,0.0110692,834,183893,1443,1.101538259,2.496539792
20,4,40,20,8,197684,578,209244,197684,217885,578,1443,209244,245670,6125,31500,245670,246745,0.00437579,791,216810,1443,1.096750369,2.496539792
20,4,40,20,9,202513,578,214073,202513,220913,578,1443,214073,249003,6209,25833,249003,249773,0.00309233,583,220143,1443,1.08705614,2.496539792
20,4,40,20,10,186664,578,198224,186664,204307,578,1443,198224,231948,5917,28083,231948,233167,0.00525549,625,203088,1443,1.087986971,2.496539792
20,4,40,25,1,191267,578,205717,191267,212496,578,1443,205717,247627,6375,26583,247627,248571,0.00381219,709,211552,1443,1.106055932,2.496539792
20,4,40,25,2,165674,578,180124,165674,185958,578,1443,180124,220289,6458,31750,220289,222033,0.00791687,667,184214,1443,1.111906515,2.496539792
20,4,40,25,3,192875,578,207325,192875,213768,578,1443,207325,249260,6417,31375,249260,249843,0.00233892,583,213185,1443,1.105301361,2.496539792
20,4,40,25,4,186721,578,201171,186721,206484,578,1443,201171,241688,6458,32875,241688,242559,0.00360382,833,205613,1443,1.101177693,2.496539792
20,4,40,25,5,157150,578,171600,157150,179086,578,1443,171600,214473,6292,32833,214473,215161,0.00320786,1000,178398,1443,1.1352084,2.496539792
20,4,40,25,6,205673,578,220123,205673,225604,578,1443,220123,259255,6458,27167,259255,261679,0.00934987,625,223180,1443,1.085120555,2.496539792
20,4,40,25,7,179080,578,193530,179080,199276,578,1443,193530,233256,6833,40625,233256,235351,0.00898155,834,197181,1443,1.101077731,2.496539792
20,4,40,25,8,210122,578,224572,210122,228509,578,1443,224572,263716,6625,32750,263716,264584,0.00329142,750,227641,1443,1.083375372,2.496539792
20,4,40,25,9,184613,578,199063,184613,204230,578,1443,199063,239111,7125,28875,239111,240305,0.0049935,834,203036,1443,1.099792539,2.496539792
20,4,40,25,10,178457,578,192907,178457,197953,578,1443,192907,232516,6459,29000,232516,234028,0.00650278,833,196441,1443,1.100774977,2.496539792
20,4,40,30,1,166730,578,184070,166730,186861,578,1443,184070,229321,7250,27500,229321,230151,0.00361938,792,186031,1443,1.11576201,2.496539792
20,4,40,30,2,173348,578,190688,173348,193774,578,1443,190688,235434,6375,31958,235434,237064,0.00692338,750,192144,1443,1.108429287,2.496539792
20,4,40,30,3,176360,578,193700,176360,194837,578,1443,193700,237449,6167,32958,237449,238127,0.00285535,709,194159,1443,1.100924246,2.496539792
20,4,40,30,4,174653,578,191993,174653,194600,578,1443,191993,236002,6334,32459,236002,237890,0.00799993,542,192712,1443,1.103399312,2.496539792
20,4,40,30,5,179246,578,196586,179246,198109,578,1443,196586,240040,6375,34042,240040,241399,0.00566156,584,196750,1443,1.097653504,2.496539792
20,4,40,30,6,197640,578,214980,197640,218355,578,1443,214980,260363,5125,28708,260363,261645,0.00492389,583,217073,1443,1.098325238,2.496539792
20,4,40,30,7,156621,578,173961,156621,174400,578,1443,173961,217551,6666,35042,217551,217690,0.000638931,791,174261,1443,1.112628575,2.496539792
20,4,40,30,8,201227,578,218567,201227,221555,578,1443,218567,263118,6542,31833,263118,264845,0.0065636,750,219828,1443,1.092437894,2.496539792
20,4,40,30,9,187701,578,205041,187701,206946,578,1443,205041,249075,5083,25291,249075,250236,0.00466125,708,205785,1443,1.096344718,2.496539792
20,4,40,30,10,170240,578,187580,170240,189183,578,1443,187580,231175,6541,33834,231175,232473,0.00561479,666,187885,1443,1.103647791,2.496539792
20,4,40,35,1,181096,578,201326,181096,201425,578,1443,201326,251588,6625,32583,251588,251930,0.00135937,541,201083,1443,1.110366877,2.496539792
20,4,40,35,2,214132,578,234362,214132,230636,578,1443,234362,280229,6250,33292,280229,281141,0.00325448,792,229724,1443,1.072814899,2.496539792
20,4,40,35,3,207553,578,227783,207553,225306,578,1443,227783,274696,6583,31625,274696,275811,0.00405903,625,224191,1443,1.080162657,2.496539792
20,4,40,35,4,203786,578,224016,203786,223120,578,1443,224016,272900,6167,33166,272900,273625,0.00265665,625,222395,1443,1.091316381,2.496539792
20,4,40,35,5,173995,578,194225,173995,192064,578,1443,194225,241690,6250,32625,241690,242569,0.00363689,875,191185,1443,1.098795942,2.496539792
20,4,40,35,6,158028,578,178258,158028,175705,578,1443,178258,224042,4959,25584,224042,226210,0.00967676,667,173537,1443,1.098140836,2.496539792
20,4,40,35,7,188190,578,208420,188190,208551,578,1443,208420,257609,6500,31417,257609,259056,0.00561704,792,207104,1443,1.100504809,2.496539792
20,4,40,35,8,221862,578,242092,221862,242859,578,1443,242092,292545,5584,27500,292545,293364,0.00279957,667,242040,1443,1.090948427,2.496539792
20,4,40,35,9,217649,578,237879,217649,236566,578,1443,237879,285261,6416,32541,285261,287071,0.00634507,833,234756,1443,1.078599029,2.496539792
20,4,40,35,10,174320,578,194550,174320,191791,578,1443,194550,241821,6500,33208,241821,242296,0.00196426,792,191316,1443,1.097498853,2.496539792
20,4,40,40,1,201356,578,224476,201356,221407,578,1443,224476,277238,6500,33667,277238,279127,0.00681364,708,219518,1443,1.090198454,2.496539792
20,4,40,40,2,164236,578,187356,164236,182355,578,1443,187356,238432,6417,32542,238432,240075,0.00689085,875,180712,1443,1.100319053,2.496539792
20,4,40,40,3,213935,578,237055,213935,232426,578,1443,237055,288799,6333,32667,288799,290146,0.00466414,750,231079,1443,1.08013649,2.496539792
20,4,40,40,4,196042,578,219162,196042,215373,578,1443,219162,272455,7000,32208,272455,273093,0.00234167,750,214735,1443,1.095352016,2.496539792
20,4,40,40,5,211732,578,234852,211732,230466,578,1443,234852,287649,6542,31042,287649,288186,0.00186686,791,229929,1443,1.085943551,2.496539792
20,4,40,40,6,219771,578,242891,219771,239517,578,1443,242891,295880,6292,33334,295880,297237,0.00458632,833,238160,1443,1.08367346,2.496539792
20,4,40,40,7,207491,578,230611,207491,226920,578,1443,230611,282720,6250,31750,282720,284640,0.00679117,583,225000,1443,1.084384383,2.496539792
20,4,40,40,8,217782,578,240902,217782,236396,578,1443,240902,291912,6416,34041,291912,294116,0.00755022,1000,234192,1443,1.07535058,2.496539792
20,4,40,40,9,188075,578,211195,188075,207382,578,1443,211195,264560,6459,31042,264560,265102,0.00204868,833,206840,1443,1.099774026,2.496539792
20,4,40,40,10,196724,578,219844,196724,212968,578,1443,219844,269725,6292,28417,269725,270688,0.0035703,667,212005,1443,1.077677355,2.496539792
20,4,40,45,1,192356,578,218366,192356,211092,578,1443,218366,275486,6375,32667,275486,276027,0.0019638,834,210551,1443,1.094590239,2.496539792
20,4,40,45,2,189730,578,215740,189730,209933,578,1443,215740,274190,6375,31291,274190,274868,0.00247274,875,209255,1443,1.102909398,2.496539792
20,4,40,45,3,190662,578,216672,190662,212475,578,1443,216672,276001,6416,33375,276001,277410,0.00510505,833,211066,1443,1.107016605,2.496539792
20,4,40,45,4,199557,578,225567,199557,218254,578,1443,225567,281347,6208,32416,281347,283189,0.00654708,584,216412,1443,1.084462084,2.496539792
20,4,40,45,5,195106,578,221116,195106,217140,578,1443,221116,281072,6500,32209,281072,282075,0.00356848,666,216137,1443,1.107792687,2.496539792
20,4,40,45,6,189435,578,215445,189435,210848,578,1443,215445,274852,6459,34625,274852,275783,0.00338728,833,209917,1443,1.108121519,2.496539792
20,4,40,45,7,166661,578,192671,166661,186767,578,1443,192671,250912,6500,32459,250912,251702,0.00314851,750,185977,1443,1.115899941,2.496539792
20,4,40,45,8,175457,578,201467,175457,190381,578,1443,201467,254430,6375,32750,254430,255316,0.00348229,708,189495,1443,1.080008207,2.496539792
20,4,40,45,9,164007,578,190017,164007,184421,578,1443,190017,249049,6458,34875,249049,249356,0.00123269,1041,184114,1443,1.122598426,2.496539792
20,4,40,45,10,179850,578,205860,179850,198355,578,1443,205860,261082,6250,31541,261082,263290,0.00845711,583,196147,1443,1.090614401,2.496539792
20,4,40,50,1,212559,578,241459,212559,233836,578,1443,241459,304190,6459,32334,304190,305986,0.0059042,708,232040,1443,1.091649848,2.496539792
20,4,40,50,2,155000,578,183900,155000,173436,578,1443,183900,244676,6500,33583,244676,245586,0.0037192,791,172526,1443,1.113070968,2.496539792
20,4,40,50,3,218605,578,247505,218605,235916,578,1443,247505,305719,6333,31583,305719,308066,0.00767698,625,233569,1443,1.068452231,2.496539792
20,4,40,50,4,178783,578,207683,178783,199076,578,1443,207683,270100,6083,30458,270100,271226,0.00416883,917,197950,1443,1.10720818,2.496539792
20,4,40,50,5,201438,578,230338,201438,221390,578,1443,230338,291620,5833,27875,291620,293540,0.00658391,750,219470,1443,1.089516377,2.496539792
20,4,40,50,6,145463,578,174363,145463,165256,578,1443,174363,237086,6458,32666,237086,237406,0.00134972,792,164936,1443,1.133869094,2.496539792
20,4,40,50,7,211408,578,240308,211408,232209,578,1443,240308,300729,7250,37792,300729,304359,0.0120707,792,228579,1443,1.081222092,2.496539792
20,4,40,50,8,203038,578,231938,203038,221992,578,1443,231938,293854,6708,34041,293854,294142,0.000980079,917,221704,1443,1.09193353,2.496539792
20,4,40,50,9,162001,578,190901,162001,183360,578,1443,190901,255101,6584,30750,255101,255510,0.00160329,959,182951,1443,1.129320189,2.496539792
20,4,40,50,10,192735,578,221635,192735,209423,578,1443,221635,279697,6333,31208,279697,281573,0.00670726,833,207547,1443,1.076851636,2.496539792
20,4,50,0,1,208816,3180,208816,209132,234955,578,1443,209132,234955,6667,33208,233379,234955,0.00675296,834,234955,738,1.125177189,1.276816609
20,4,50,0,2,227574,2812,227574,228024,253656,578,1443,228024,253656,6416,31667,252084,253656,0.00623602,667,253656,996,1.114608874,1.723183391
20,4,50,0,3,170807,2972,170807,172288,194257,578,1443,172288,194257,6417,30542,192605,194257,0.00857714,583,194257,812,1.137289455,1.404844291
20,4,50,0,4,227977,2832,227977,228226,254272,578,1443,228226,254272,6459,30541,251969,254272,0.00914001,666,254272,738,1.115340583,1.276816609
20,4,50,0,5,182771,3427,182771,183712,208022,578,1443,183712,208022,6542,32709,205627,208022,0.0116473,875,208022,738,1.138156491,1.276816609
20,4,50,0,6,194468,3161,194468,195846,221767,578,1443,195846,221767,5250,25333,219345,221767,0.011042,875,221767,738,1.140377851,1.276816609
20,4,50,0,7,170248,3186,170248,171482,196016,578,1443,171482,196016,6083,30667,193454,196016,0.0132435,708,196016,578,1.151355669,1
20,4,50,0,8,187387,3022,187387,187879,214177,578,1443,187879,214177,6459,31208,212806,214177,0.00644249,791,214177,738,1.142966161,1.276816609
20,4,50,0,9,178632,3156,178632,178908,206202,578,1443,178908,206202,5333,24958,205624,206202,0.00281096,542,206202,996,1.154339648,1.723183391
20,4,50,0,10,179603,3006,179603,181260,205353,578,1443,181260,205353,6625,28375,202372,205353,0.0147303,958,205353,996,1.14337177,1.723183391
20,4,50,5,1,161916,656,165196,162462,186008,578,1443,165352,192623,6125,33208,192623,193223,0.00311489,833,185408,1443,1.145087576,2.496539792
20,4,50,5,2,204111,578,207001,204111,230779,578,1443,207001,237164,6500,31666,237164,237994,0.00349969,667,229949,1443,1.126587984,2.496539792
20,4,50,5,3,198561,578,201451,198561,221905,578,1443,201451,226929,5541,26708,226929,229120,0.009655,625,219714,1443,1.106531494,2.496539792
20,4,50,5,4,184141,667,187476,185089,209653,578,1443,187979,215922,5291,27750,215922,216868,0.00438121,541,208707,1443,1.133408638,2.496539792
20,4,50,5,5,205262,676,208642,206415,230985,578,1443,209305,235965,6500,25958,234721,238200,0.0148219,625,230985,996,1.125317886,1.723183391
20,4,50,5,6,183038,594,186008,183118,207787,578,1443,186008,214316,6250,32875,214316,215002,0.00320088,792,207101,1443,1.131464505,2.496539792
20,4,50,5,7,140889,648,144129,141379,160151,578,1443,144269,165805,6500,33750,165805,167366,0.00941467,834,158590,1443,1.125637914,2.496539792
20,4,50,5,8,196073,654,199343,197289,216311,578,1443,200179,221291,6292,33209,220783,223526,0.012424,583,216311,996,1.103216659,1.723183391
20,4,50,5,9,189883,650,193133,190315,211563,578,1443,193205,217974,6125,31792,217974,218778,0.00368851,583,210759,1443,1.109941385,2.496539792
20,4,50,5,10,180121,646,183351,181159,199072,578,1443,184049,205400,5000,25625,205400,206287,0.0043184,625,198185,1443,1.10028814,2.496539792
20,4,50,10,1,205441,578,211221,205441,231178,578,1443,211221,244752,6417,31167,244752,245608,0.00349742,958,230322,1443,1.121110197,2.496539792
20,4,50,10,2,181914,578,187694,181914,209926,578,1443,187694,223541,6208,32792,223541,224356,0.00364586,833,209111,1443,1.149504711,2.496539792
20,4,50,10,3,209638,578,215418,209638,233799,578,1443,215418,247054,5416,28958,247054,248229,0.00475605,667,232624,1443,1.109646152,2.496539792
20,4,50,10,4,130983,651,137493,132658,155703,578,1443,138438,169706,6292,34792,169706,170133,0.00251612,625,155276,1443,1.185466816,2.496539792
20,4,50,10,5,176773,645,183223,178314,202875,578,1443,184094,215714,6125,32291,215714,217305,0.00737551,916,201284,1443,1.138658053,2.496539792
20,4,50,10,6,193872,578,199652,193872,218856,578,1443,199652,230281,6584,32041,230281,233286,0.0130493,584,215851,1443,1.113368614,2.496539792
20,4,50,10,7,201721,643,208151,202566,226284,578,1443,208346,239443,6417,33375,239443,240714,0.00530815,792,225013,1443,1.115466412,2.496539792
20,4,50,10,8,167018,578,172798,167018,193007,578,1443,172798,206472,6459,32625,206472,207437,0.00467376,667,192042,1443,1.149828162,2.496539792
20,4,50,10,9,189007,598,194987,189227,215906,578,1443,195007,229165,6166,31541,229165,230336,0.00510986,750,214735,1443,1.136121943,2.496539792
20,4,50,10,10,160170,666,166830,161514,189021,578,1443,167294,202406,6167,31292,202406,203451,0.00516289,708,187976,1443,1.173603047,2.496539792
20,4,50,15,1,193702,578,202372,193702,219565,578,1443,202372,239367,5125,26750,239367,241210,0.00769947,875,217722,1443,1.124004915,2.496539792
20,4,50,15,2,165149,578,173819,165149,191708,578,1443,173819,212005,6541,31750,212005,213353,0.00635834,667,190360,1443,1.152656086,2.496539792
20,4,50,15,3,191807,578,200477,191807,216440,578,1443,200477,235812,6500,32542,235812,238085,0.00963903,791,214167,1443,1.116575516,2.496539792
20,4,50,15,4,144090,591,152955,144324,169140,578,1443,152994,189720,6750,29458,189720,190785,0.00561354,666,168075,1443,1.166458463,2.496539792
20,4,50,15,5,144193,587,152998,144382,170072,578,1443,153052,190105,6416,32708,190105,191717,0.00847952,834,168460,1443,1.168295271,2.496539792
20,4,50,15,6,196057,578,204727,196057,221654,578,1443,204727,239863,6250,31875,239863,243299,0.0143248,750,218218,1443,1.113033455,2.496539792
20,4,50,15,7,138505,578,147175,138505,165136,578,1443,147175,185743,6750,27500,185743,186781,0.00558837,1041,164098,1443,1.184780333,2.496539792
20,4,50,15,8,190191,578,198861,190191,215662,578,1443,198861,236021,6458,32500,236021,237307,0.00544867,709,214376,1443,1.127161643,2.496539792
20,4,50,15,9,193119,657,202974,194304,214924,578,1443,202974,235440,6542,30625,235440,236569,0.00479528,833,213795,1443,1.10706352,2.496539792
20,4,50,15,10,164115,578,172785,164115,189972,578,1443,172785,209483,6500,32333,209483,211617,0.010187,667,187838,1443,1.144551077,2.496539792
20,4,50,20,1,181923,578,193483,181923,203658,578,1443,193483,230202,6458,33458,230202,232518,0.0100607,1000,201342,1443,1.106742963,2.496539792
20,4,50,20,2,188158,578,199718,188158,211906,578,1443,199718,237941,6416,34000,237941,240766,0.0118727,875,209081,1443,1.111199099,2.496539792
20,4,50,20,3,215981,578,227541,215981,236348,578,1443,227541,264131,6333,32125,264131,265208,0.00407752,666,235271,1443,1.089313412,2.496539792
20,4,50,20,4,172539,578,184099,172539,198801,578,1443,184099,225779,6792,32750,225779,227661,0.00833558,625,196919,1443,1.141301387,2.496539792
20,4,50,20,5,199575,578,211135,199575,223022,578,1443,211135,250758,6375,31791,250758,251882,0.00448241,875,221898,1443,1.111852687,2.496539792
20,4,50,20,6,203600,578,215160,203600,228421,578,1443,215160,256161,6791,32875,256161,257281,0.00437225,625,227301,1443,1.116409627,2.496539792
20,4,50,20,7,164716,578,176276,164716,187547,578,1443,176276,214321,6542,31125,214321,216407,0.00973306,875,185461,1443,1.125944049,2.496539792
20,4,50,20,8,145366,578,156926,145366,171340,578,1443,156926,198547,6458,31666,198547,200200,0.00832548,667,169687,1443,1.167308724,2.496539792
20,4,50,20,9,152769,578,164329,152769,176461,578,1443,164329,204378,6208,32125,204378,205321,0.004614,750,175518,1443,1.148911101,2.496539792
20,4,50,20,10,205885,578,217445,205885,227984,578,1443,217445,256086,5542,26459,256086,256844,0.00295994,750,227226,1443,1.103654953,2.496539792
20,4,50,25,1,161229,578,175679,161229,183009,578,1443,175679,218055,6125,34209,218055,219084,0.00471899,834,181980,1443,1.128705134,2.496539792
20,4,50,25,2,171381,578,185831,171381,197545,578,1443,185831,232282,6625,30500,232282,233620,0.00576024,916,196207,1443,1.144858532,2.496539792
20,4,50,25,3,156350,578,170800,156350,183912,578,1443,170800,218831,6709,33000,218831,219987,0.00528262,708,182756,1443,1.16889031,2.496539792
20,4,50,25,4,166976,578,181426,166976,194389,578,1443,181426,229516,6708,26458,229516,230464,0.00413043,584,193441,1443,1.158495832,2.496539792
20,4,50,25,5,197143,578,211593,197143,223429,578,1443,211593,258431,6666,34583,258431,259504,0.00415198,958,222356,1443,1.127891936,2.496539792
20,4,50,25,6,193863,578,208313,193863,219090,578,1443,208313,251250,6417,30959,251250,255165,0.0155821,708,215175,1443,1.109933303,2.496539792
20,4,50,25,7,176392,578,190842,176392,199189,578,1443,190842,232776,6500,32709,232776,235264,0.0106884,875,196701,1443,1.115135607,2.496539792
20,4,50,25,8,154825,589,169550,155100,179383,578,1443,169550,212941,6167,31750,212941,215458,0.0118202,833,176866,1443,1.14236073,2.496539792
20,4,50,25,9,216858,578,231308,216858,240110,578,1443,231308,274223,6750,27958,274223,276185,0.00715476,709,238148,1443,1.098174843,2.496539792
20,4,50,25,10,190821,578,205271,190821,219121,578,1443,205271,254765,6208,31792,254765,255196,0.00169176,667,218690,1443,1.146047867,2.496539792
20,4,50,30,1,180188,578,197528,180188,200219,578,1443,197528,242154,6166,32916,242154,243509,0.00559561,958,198864,1443,1.103647302,2.496539792
20,4,50,30,2,156852,578,174192,156852,180349,578,1443,174192,222207,6334,31416,222207,223639,0.00644444,834,178917,1443,1.140674011,2.496539792
20,4,50,30,3,210429,578,227769,210429,237738,578,1443,227769,278150,4917,24875,278150,281028,0.0103469,667,234860,1443,1.116100918,2.496539792
20,4,50,30,4,213872,578,231212,213872,238656,578,1443,231212,280642,6583,31833,280642,281946,0.00464649,708,237352,1443,1.109785292,2.496539792
20,4,50,30,5,181343,578,198683,181343,207776,578,1443,198683,250696,6542,28667,250696,251066,0.00147589,750,207406,1443,1.143722118,2.496539792
20,4,50,30,6,199162,578,216502,199162,220885,578,1443,216502,262365,6125,31708,262365,264175,0.00689879,833,219075,1443,1.099983933,2.496539792
20,4,50,30,7,184131,578,201471,184131,206204,578,1443,201471,248834,6291,32917,248834,249494,0.00265237,750,205544,1443,1.116292205,2.496539792
20,4,50,30,8,191061,578,208401,191061,216990,578,1443,208401,259340,6417,32125,259340,260280,0.00362459,708,216050,1443,1.13079069,2.496539792
20,4,50,30,9,182385,578,199725,182385,209681,578,1443,199725,250573,6250,31875,250573,252971,0.00957007,791,207283,1443,1.136513419,2.496539792
20,4,50,30,10,185887,578,203227,185887,210565,578,1443,203227,251910,6250,32083,251910,253855,0.00772101,667,208620,1443,1.122294727,2.496539792
20,4,50,35,1,225306,578,245536,225306,249993,578,1443,245536,297982,6292,32500,297982,300498,0.00844346,916,247477,1443,1.098403948,2.496539792
20,4,50,35,2,193025,578,213255,193025,219196,578,1443,213255,267445,6292,26667,267445,269701,0.00843538,625,216940,1443,1.123895868,2.496539792
20,4,50,35,3,206841,578,227071,206841,229790,578,1443,227071,277607,6667,27542,277607,280295,0.00968275,792,227102,1443,1.097954467,2.496539792
20,4,50,35,4,200291,578,220521,200291,222381,578,1443,220521,270640,6708,33500,270640,272886,0.00829885,792,220135,1443,1.099075845,2.496539792
20,4,50,35,5,129056,662,152226,132230,153916,578,1443,152460,203504,5250,26125,203504,204421,0.00450605,708,152999,1443,1.185524114,2.496539792
20,4,50,35,6,193428,578,213658,193428,215717,578,1443,213658,264769,6375,31250,264769,266222,0.0054878,583,214264,1443,1.107719668,2.496539792
20,4,50,35,7,190087,578,210317,190087,215008,578,1443,210317,263947,6167,32125,263947,265513,0.00593301,750,213442,1443,1.122864793,2.496539792
20,4,50,35,8,187447,578,207677,187447,212153,578,1443,207677,261262,6167,32208,261262,262658,0.0053433,917,210757,1443,1.124355151,2.496539792
20,4,50,35,9,190780,578,211010,190780,218290,578,1443,211010,266844,6291,34209,266844,268795,0.00731139,1125,216339,1443,1.133971066,2.496539792
20,4,50,35,10,172737,578,192967,172737,199652,578,1443,192967,248387,6500,31542,248387,250157,0.00712598,709,197882,1443,1.145568118,2.496539792
20,4,50,40,1,178968,578,202088,178968,205375,578,1443,202088,262249,6458,32833,262249,263095,0.00322594,917,204529,1443,1.142824416,2.496539792
20,4,50,40,2,191788,578,214908,191788,219631,578,1443,214908,277177,6792,30750,277177,277351,0.000627758,708,219457,1443,1.144268672,2.496539792
20,4,50,40,3,172301,578,195421,172301,199878,578,1443,195421,256020,6125,31542,256020,257598,0.00616358,667,198300,1443,1.150892914,2.496539792
20,4,50,40,4,186926,578,210046,186926,210237,578,1443,210046,266079,5917,32542,266079,267957,0.00705805,1167,208359,1443,1.114660347,2.496539792
20,4,50,40,5,191848,578,214968,191848,212360,578,1443,214968,268025,6291,31834,268025,270080,0.0076672,542,210305,1443,1.096206372,2.496539792
20,4,50,40,6,213382,578,236502,213382,234710,578,1443,236502,289912,6708,27042,289912,292430,0.00868539,625,232192,1443,1.088151765,2.496539792
20,4,50,40,7,232945,578,256065,232945,258113,578,1443,256065,312654,6500,32000,312654,315833,0.0101678,666,254934,1443,1.094395673,2.496539792
20,4,50,40,8,196812,578,219932,196812,218378,578,1443,219932,274444,6166,33125,274444,276098,0.00602673,1042,216724,1443,1.101172693,2.496539792
20,4,50,40,9,130116,578,153236,130116,153535,578,1443,153236,210941,5291,26167,210941,211255,0.00148857,750,153221,1443,1.17757232,2.496539792
20,4,50,40,10,140693,578,163813,140693,163852,578,1443,163813,220823,6167,31834,220823,221572,0.00339186,708,163103,1443,1.159282978,2.496539792
20,4,50,45,1,143829,578,169839,143829,165709,578,1443,169839,229982,6208,30916,229982,230644,0.00287849,583,165047,1443,1.147522405,2.496539792
20,4,50,45,2,201057,578,227067,201057,225001,578,1443,227067,288362,5000,25416,288362,289936,0.00545842,667,223427,1443,1.11126198,2.496539792
20,4,50,45,3,172958,578,198968,172958,200805,578,1443,198968,264792,6708,31916,264792,265740,0.00358017,750,199857,1443,1.155523306,2.496539792
20,4,50,45,4,191183,578,217193,191183,217585,578,1443,217193,279675,6584,31042,279675,282520,0.0101725,833,214740,1443,1.123217022,2.496539792
20,4,50,45,5,172988,578,198998,172988,196513,578,1443,198998,259408,4916,25875,259408,261448,0.00786406,584,194473,1443,1.124199366,2.496539792
20,4,50,45,6,193405,578,219415,193405,220669,578,1443,219415,285360,6250,31584,285360,285604,0.00085506,625,220425,1443,1.139706833,2.496539792
20,4,50,45,7,213533,578,239543,213533,236236,578,1443,239543,299505,6542,32208,299505,301171,0.00556251,708,234570,1443,1.09851873,2.496539792
20,4,50,45,8,181535,578,207545,181535,206885,578,1443,207545,270345,6625,32333,270345,271820,0.00545599,958,205410,1443,1.131517338,2.496539792
20,4,50,45,9,195566,578,221576,195566,220575,578,1443,221576,283647,6375,31125,283647,285510,0.00656802,583,218712,1443,1.118353906,2.496539792
20,4,50,45,10,258168,578,284178,258168,282240,578,1443,284178,342794,5583,28167,342794,347175,0.0127803,666,277859,1443,1.07627204,2.496539792
20,4,50,50,1,176431,578,205331,176431,203074,578,1443,205331,274723,5750,26042,274723,275224,0.00182366,833,202573,1443,1.14817124,2.496539792
20,4,50,50,2,213468,578,242368,213468,238152,578,1443,242368,306795,5333,27958,306795,310302,0.0114311,750,234645,1443,1.099204565,2.496539792
20,4,50,50,3,201019,578,229919,201019,227435,578,1443,229919,296209,5917,48833,296209,299585,0.0113974,875,224059,1443,1.114616031,2.496539792
20,4,50,50,4,151969,578,180869,151969,174943,578,1443,180869,246431,6625,31583,246431,247093,0.00268635,917,174281,1443,1.146819417,2.496539792
20,4,50,50,5,173768,578,202668,173768,199111,578,1443,202668,269648,6583,32542,269648,271261,0.00598187,666,197498,1443,1.136561392,2.496539792
20,4,50,50,6,231761,578,260661,231761,254408,578,1443,260661,325514,6667,31875,325514,326558,0.00320724,625,253364,1443,1.093212404,2.496539792
20,4,50,50,7,219894,578,248794,219894,243516,578,1443,248794,314918,6584,36583,314918,315666,0.00237522,1125,242768,1443,1.104022847,2.496539792
20,4,50,50,8,141799,578,170699,141799,162646,578,1443,170699,233977,6750,31375,233977,234796,0.00350034,750,161827,1443,1.141242181,2.496539792
20,4,50,50,9,148538,578,177438,148538,173095,578,1443,177438,243905,5333,26500,243905,245245,0.00549394,583,171755,1443,1.156303438,2.496539792
20,4,50,50,10,223530,578,252430,223530,246052,578,1443,252430,316567,6583,32375,316567,318202,0.00516478,583,244417,1443,1.093441596,2.496539792